event::Wen201700000::ab52377bf1	propose	method::model	2017	en
event::Wen201700000::ab52377bf1	use	data::data	2017	en
event::Wen201700000::ab52377bf1	support	finding::[en] model diffusion diffusion neural graph knowledge on AI for Science	2017	en
event::Wen201700000::ab52377bf1	apply	application::general science	2017	en
event::Wen202400001::cc648eced5	propose	method::model	2024	en
event::Wen202400001::cc648eced5	use	data::data	2024	en
event::Wen202400001::cc648eced5	support	finding::[en] event data event diffusion graph quantum on scientific discovery	2024	en
event::Wen202400001::cc648eced5	apply	application::general science	2024	en
event::Wen202000002::7aa5fbe180	propose	method::model	2020	en
event::Wen202000002::7aa5fbe180	use	data::data	2020	en
event::Wen202000002::7aa5fbe180	support	finding::[en] diffusion knowledge knowledge model event science on AI for Science	2020	en
event::Wen202000002::7aa5fbe180	apply	application::general science	2020	en
event::Wen201900003::d7f2fb3d14	propose	method::model	2019	en
event::Wen201900003::d7f2fb3d14	use	data::data	2019	en
event::Wen201900003::d7f2fb3d14	support	finding::[en] data neural knowledge knowledge quantum event on AI for Science	2019	en
event::Wen201900003::d7f2fb3d14	apply	application::general science	2019	en
event::Wen201900004::68c75d3ccb	propose	method::model	2019	en
event::Wen201900004::68c75d3ccb	use	data::data	2019	en
event::Wen201900004::68c75d3ccb	support	finding::[en] diffusion quantum graph quantum diffusion graph on materials informatics	2019	en
event::Wen201900004::68c75d3ccb	apply	application::materials	2019	en
event::Wen201700005::d1b15202b4	propose	method::model	2017	en
event::Wen201700005::d1b15202b4	use	data::data	2017	en
event::Wen201700005::d1b15202b4	support	finding::[en] knowledge graph quantum knowledge quantum graph on scientific discovery	2017	en
event::Wen201700005::d1b15202b4	apply	application::general science	2017	en
event::Wen201900006::365d46d5db	propose	method::model	2019	en
event::Wen201900006::365d46d5db	use	data::data	2019	en
event::Wen201900006::365d46d5db	support	finding::[en] graph event diffusion event event quantum on scientific discovery	2019	en
event::Wen201900006::365d46d5db	apply	application::general science	2019	en
event::Wen202400007::29d980c842	propose	method::model	2024	en
event::Wen202400007::29d980c842	use	data::data	2024	en
event::Wen202400007::29d980c842	support	finding::[en] graph neural model graph graph knowledge on scientific discovery	2024	en
event::Wen202400007::29d980c842	apply	application::general science	2024	en
event::Wen202100008::6b29b0d419	propose	method::model	2021	en
event::Wen202100008::6b29b0d419	use	data::data	2021	en
event::Wen202100008::6b29b0d419	support	finding::[en] diffusion graph data knowledge science event on AI for Science	2021	en
event::Wen202100008::6b29b0d419	apply	application::general science	2021	en
event::Wen201600009::099b8f8048	propose	method::model	2016	en
event::Wen201600009::099b8f8048	use	data::data	2016	en
event::Wen201600009::099b8f8048	support	finding::[en] event science data data science event on AI for Science	2016	en
event::Wen201600009::099b8f8048	apply	application::general science	2016	en
event::Wen202200010::16a3525857	propose	method::model	2022	en
event::Wen202200010::16a3525857	use	data::data	2022	en
event::Wen202200010::16a3525857	support	finding::[en] event data learning learning learning diffusion on materials informatics	2022	en
event::Wen202200010::16a3525857	apply	application::materials	2022	en
event::Wen201800011::a511e59ec4	propose	method::model	2018	en
event::Wen201800011::a511e59ec4	use	data::data	2018	en
event::Wen201800011::a511e59ec4	support	finding::[en] knowledge knowledge event data learning event on scientific discovery	2018	en
event::Wen201800011::a511e59ec4	apply	application::general science	2018	en
event::Wen201600012::1d0c10863e	propose	method::model	2016	en
event::Wen201600012::1d0c10863e	use	data::data	2016	en
event::Wen201600012::1d0c10863e	support	finding::[en] science learning quantum data model science on materials informatics	2016	en
event::Wen201600012::1d0c10863e	apply	application::materials	2016	en
event::Wen201700013::41e8c285bd	propose	method::model	2017	en
event::Wen201700013::41e8c285bd	use	data::data	2017	en
event::Wen201700013::41e8c285bd	support	finding::[en] quantum knowledge quantum data diffusion graph on scientific discovery	2017	en
event::Wen201700013::41e8c285bd	apply	application::general science	2017	en
event::Wen202200014::384297eb81	propose	method::model	2022	en
event::Wen202200014::384297eb81	use	data::data	2022	en
event::Wen202200014::384297eb81	support	finding::[en] data graph knowledge data quantum science on materials informatics	2022	en
event::Wen202200014::384297eb81	apply	application::materials	2022	en
event::Wen201600015::938f5eb1ee	propose	method::model	2016	en
event::Wen201600015::938f5eb1ee	use	data::data	2016	en
event::Wen201600015::938f5eb1ee	support	finding::[en] diffusion graph diffusion science learning knowledge on materials informatics	2016	en
event::Wen201600015::938f5eb1ee	apply	application::materials	2016	en
event::Wen201900016::609dd07252	propose	method::model	2019	en
event::Wen201900016::609dd07252	use	data::data	2019	en
event::Wen201900016::609dd07252	support	finding::[en] diffusion data neural model quantum knowledge on scientific discovery	2019	en
event::Wen201900016::609dd07252	apply	application::general science	2019	en
event::Wen202200017::6a4d3e186e	propose	method::model	2022	en
event::Wen202200017::6a4d3e186e	use	data::synthetic data	2022	en
event::Wen202200017::6a4d3e186e	support	finding::[en] learning model event science model event on scientific discovery	2022	en
event::Wen202200017::6a4d3e186e	apply	application::general science	2022	en
event::Wen202500018::d2c018fced	propose	method::model	2025	en
event::Wen202500018::d2c018fced	use	data::data	2025	en
event::Wen202500018::d2c018fced	support	finding::[en] event model learning graph learning model on materials informatics	2025	en
event::Wen202500018::d2c018fced	apply	application::materials	2025	en
event::Wen202300019::5bd71b7f99	propose	method::model	2023	en
event::Wen202300019::5bd71b7f99	use	data::data	2023	en
event::Wen202300019::5bd71b7f99	support	finding::[en] science knowledge quantum learning graph data on scientific discovery	2023	en
event::Wen202300019::5bd71b7f99	apply	application::general science	2023	en
event::Wen202000020::4fe9a2a006	propose	method::model	2020	en
event::Wen202000020::4fe9a2a006	use	data::data	2020	en
event::Wen202000020::4fe9a2a006	support	finding::[en] model science learning learning diffusion learning on materials informatics	2020	en
event::Wen202000020::4fe9a2a006	apply	application::materials	2020	en
event::Wen201800021::9c4e4b763f	propose	method::model	2018	en
event::Wen201800021::9c4e4b763f	use	data::data	2018	en
event::Wen201800021::9c4e4b763f	support	finding::[en] quantum neural knowledge event data graph on scientific discovery	2018	en
event::Wen201800021::9c4e4b763f	apply	application::general science	2018	en
event::Wen202200022::3f968c8a1f	propose	method::model	2022	en
event::Wen202200022::3f968c8a1f	use	data::data	2022	en
event::Wen202200022::3f968c8a1f	support	finding::[en] diffusion knowledge science event neural neural on AI for Science	2022	en
event::Wen202200022::3f968c8a1f	apply	application::general science	2022	en
event::Wen202000023::e2d749c2d2	propose	method::model	2020	en
event::Wen202000023::e2d749c2d2	use	data::data	2020	en
event::Wen202000023::e2d749c2d2	support	finding::[en] event quantum event learning model diffusion on AI for Science	2020	en
event::Wen202000023::e2d749c2d2	apply	application::general science	2020	en
event::Wen202200024::1c47f50318	propose	method::model	2022	en
event::Wen202200024::1c47f50318	use	data::data	2022	en
event::Wen202200024::1c47f50318	support	finding::[en] model knowledge graph learning data model on AI for Science	2022	en
event::Wen202200024::1c47f50318	apply	application::general science	2022	en
event::Wen202100025::f60ba30e00	propose	method::model	2021	en
event::Wen202100025::f60ba30e00	use	data::data	2021	en
event::Wen202100025::f60ba30e00	support	finding::[en] learning learning diffusion data graph data on AI for Science	2021	en
event::Wen202100025::f60ba30e00	apply	application::general science	2021	en
event::Wen202100026::3e5dfee500	propose	method::model	2021	en
event::Wen202100026::3e5dfee500	use	data::data	2021	en
event::Wen202100026::3e5dfee500	support	finding::[en] neural model quantum neural science knowledge on AI for Science	2021	en
event::Wen202100026::3e5dfee500	apply	application::general science	2021	en
event::Wen202400027::5848fb9497	propose	method::model	2024	en
event::Wen202400027::5848fb9497	use	data::data	2024	en
event::Wen202400027::5848fb9497	support	finding::[en] science graph graph knowledge diffusion science on materials informatics	2024	en
event::Wen202400027::5848fb9497	apply	application::materials	2024	en
event::Wen201900028::3ad544e1a3	propose	method::model	2019	en
event::Wen201900028::3ad544e1a3	use	data::data	2019	en
event::Wen201900028::3ad544e1a3	support	finding::[en] learning diffusion graph data knowledge data on AI for Science	2019	en
event::Wen201900028::3ad544e1a3	apply	application::general science	2019	en
event::Wen201800029::e96d71d33d	propose	method::model	2018	en
event::Wen201800029::e96d71d33d	use	data::data	2018	en
event::Wen201800029::e96d71d33d	support	finding::[en] event quantum graph model learning science on AI for Science	2018	en
event::Wen201800029::e96d71d33d	apply	application::general science	2018	en
event::Wen201700030::0dbd5e4bf4	propose	method::model	2017	en
event::Wen201700030::0dbd5e4bf4	use	data::data	2017	en
event::Wen201700030::0dbd5e4bf4	support	finding::[en] quantum science quantum learning graph data on scientific discovery	2017	en
event::Wen201700030::0dbd5e4bf4	apply	application::general science	2017	en
event::Wen202000031::c664f6bbbf	propose	method::model	2020	en
event::Wen202000031::c664f6bbbf	use	data::data	2020	en
event::Wen202000031::c664f6bbbf	support	finding::[en] neural event neural graph neural learning on AI for Science	2020	en
event::Wen202000031::c664f6bbbf	apply	application::general science	2020	en
event::Wen202500032::536256d9a0	propose	method::model	2025	en
event::Wen202500032::536256d9a0	use	data::data	2025	en
event::Wen202500032::536256d9a0	support	finding::[en] knowledge neural quantum learning graph data on scientific discovery	2025	en
event::Wen202500032::536256d9a0	apply	application::general science	2025	en
event::Wen202200033::86054e5b9b	propose	method::model	2022	en
event::Wen202200033::86054e5b9b	use	data::data	2022	en
event::Wen202200033::86054e5b9b	support	finding::[en] data neural knowledge graph science knowledge on materials informatics	2022	en
event::Wen202200033::86054e5b9b	apply	application::materials	2022	en
event::Wen202000034::355a0f00f0	propose	method::model	2020	en
event::Wen202000034::355a0f00f0	use	data::data	2020	en
event::Wen202000034::355a0f00f0	support	finding::[en] diffusion data event learning learning model on scientific discovery	2020	en
event::Wen202000034::355a0f00f0	apply	application::general science	2020	en
event::Wen201700035::0d07d5171d	propose	method::model	2017	en
event::Wen201700035::0d07d5171d	use	data::data	2017	en
event::Wen201700035::0d07d5171d	support	finding::[en] data neural neural quantum model learning on materials informatics	2017	en
event::Wen201700035::0d07d5171d	apply	application::materials	2017	en
event::Wen202200036::f7d1d1bb66	propose	method::model	2022	en
event::Wen202200036::f7d1d1bb66	use	data::data	2022	en
event::Wen202200036::f7d1d1bb66	support	finding::[en] graph knowledge data graph knowledge knowledge on AI for Science	2022	en
event::Wen202200036::f7d1d1bb66	apply	application::general science	2022	en
event::Wen202300037::22792b25c3	propose	method::model	2023	en
event::Wen202300037::22792b25c3	use	data::data	2023	en
event::Wen202300037::22792b25c3	support	finding::[en] quantum diffusion model data quantum data on scientific discovery	2023	en
event::Wen202300037::22792b25c3	apply	application::general science	2023	en
event::Wen201700038::b8556340e9	propose	method::model	2017	en
event::Wen201700038::b8556340e9	use	data::data	2017	en
event::Wen201700038::b8556340e9	support	finding::[en] science data knowledge neural quantum neural on materials informatics	2017	en
event::Wen201700038::b8556340e9	apply	application::materials	2017	en
event::Wen201900039::28614db481	propose	method::model	2019	en
event::Wen201900039::28614db481	use	data::data	2019	en
event::Wen201900039::28614db481	support	finding::[en] neural graph learning neural learning graph on AI for Science	2019	en
event::Wen201900039::28614db481	apply	application::general science	2019	en
event::Wen202400040::e8892e8cd6	propose	method::model	2024	en
event::Wen202400040::e8892e8cd6	use	data::data	2024	en
event::Wen202400040::e8892e8cd6	support	finding::[en] neural knowledge event neural neural science on scientific discovery	2024	en
event::Wen202400040::e8892e8cd6	apply	application::general science	2024	en
event::Wen202200041::3c1e3d663c	propose	method::model	2022	en
event::Wen202200041::3c1e3d663c	use	data::data	2022	en
event::Wen202200041::3c1e3d663c	support	finding::[en] quantum learning knowledge model model learning on materials informatics	2022	en
event::Wen202200041::3c1e3d663c	apply	application::materials	2022	en
event::Wen202500042::490a2db1bd	propose	method::model	2025	en
event::Wen202500042::490a2db1bd	use	data::data	2025	en
event::Wen202500042::490a2db1bd	support	finding::[en] data diffusion neural learning knowledge learning on materials informatics	2025	en
event::Wen202500042::490a2db1bd	apply	application::materials	2025	en
event::Wen202400043::ec8f8bec8a	propose	method::model	2024	en
event::Wen202400043::ec8f8bec8a	use	data::data	2024	en
event::Wen202400043::ec8f8bec8a	support	finding::[en] event event graph neural graph science on scientific discovery	2024	en
event::Wen202400043::ec8f8bec8a	apply	application::general science	2024	en
event::Wen201700044::879088250f	propose	method::model	2017	en
event::Wen201700044::879088250f	use	data::data	2017	en
event::Wen201700044::879088250f	support	finding::[en] event model quantum event learning model on scientific discovery	2017	en
event::Wen201700044::879088250f	apply	application::general science	2017	en
event::Wen202400045::26e2a400f4	propose	method::model	2024	en
event::Wen202400045::26e2a400f4	use	data::data	2024	en
event::Wen202400045::26e2a400f4	support	finding::[en] model event learning diffusion diffusion model on scientific discovery	2024	en
event::Wen202400045::26e2a400f4	apply	application::general science	2024	en
event::Wen202400046::88e0952d3e	propose	method::model	2024	en
event::Wen202400046::88e0952d3e	use	data::data	2024	en
event::Wen202400046::88e0952d3e	support	finding::[en] diffusion quantum graph science data learning on AI for Science	2024	en
event::Wen202400046::88e0952d3e	apply	application::general science	2024	en
event::Wen202000047::1035b20733	propose	method::model	2020	en
event::Wen202000047::1035b20733	use	data::data	2020	en
event::Wen202000047::1035b20733	support	finding::[en] graph data neural learning model neural on AI for Science	2020	en
event::Wen202000047::1035b20733	apply	application::general science	2020	en
event::Wen201700048::7eacd46210	propose	method::model	2017	en
event::Wen201700048::7eacd46210	use	data::data	2017	en
event::Wen201700048::7eacd46210	support	finding::[en] model data event diffusion diffusion neural on materials informatics	2017	en
event::Wen201700048::7eacd46210	apply	application::materials	2017	en
event::Wen202400049::1c0be59df0	propose	method::model	2024	en
event::Wen202400049::1c0be59df0	use	data::data	2024	en
event::Wen202400049::1c0be59df0	support	finding::[en] learning event quantum knowledge learning model on scientific discovery	2024	en
event::Wen202400049::1c0be59df0	apply	application::general science	2024	en
event::Wzh201900000::c8afb02ae2	propose	method::model	2019	zh
event::Wzh201900000::c8afb02ae2	use	data::data	2019	zh
event::Wzh201900000::c8afb02ae2	support	finding::[zh] graph quantum neural data learning model on materials informatics	2019	zh
event::Wzh201900000::c8afb02ae2	apply	application::materials	2019	zh
event::Wzh201700001::8de1cbec6c	propose	method::model	2017	zh
event::Wzh201700001::8de1cbec6c	use	data::data	2017	zh
event::Wzh201700001::8de1cbec6c	support	finding::[zh] event knowledge diffusion diffusion knowledge graph on AI for Science	2017	zh
event::Wzh201700001::8de1cbec6c	apply	application::general science	2017	zh
event::Wzh202200002::a2b95756f4	propose	method::model	2022	zh
event::Wzh202200002::a2b95756f4	use	data::data	2022	zh
event::Wzh202200002::a2b95756f4	support	finding::[zh] model learning model science knowledge event on scientific discovery	2022	zh
event::Wzh202200002::a2b95756f4	apply	application::general science	2022	zh
event::Wzh201600003::2f0602a79c	propose	method::model	2016	zh
event::Wzh201600003::2f0602a79c	use	data::data	2016	zh
event::Wzh201600003::2f0602a79c	support	finding::[zh] quantum neural model event learning neural on scientific discovery	2016	zh
event::Wzh201600003::2f0602a79c	apply	application::general science	2016	zh
event::Wzh202400004::a5927db738	propose	method::model	2024	zh
event::Wzh202400004::a5927db738	use	data::data	2024	zh
event::Wzh202400004::a5927db738	support	finding::[zh] model science neural neural data neural on scientific discovery	2024	zh
event::Wzh202400004::a5927db738	apply	application::general science	2024	zh
event::Wzh201900005::dea7bb6955	propose	method::model	2019	zh
event::Wzh201900005::dea7bb6955	use	data::data	2019	zh
event::Wzh201900005::dea7bb6955	support	finding::[zh] quantum science event knowledge model learning on materials informatics	2019	zh
event::Wzh201900005::dea7bb6955	apply	application::materials	2019	zh
event::Wzh201900006::e90bf6032c	propose	method::model	2019	zh
event::Wzh201900006::e90bf6032c	use	data::data	2019	zh
event::Wzh201900006::e90bf6032c	support	finding::[zh] learning science event graph data science on materials informatics	2019	zh
event::Wzh201900006::e90bf6032c	apply	application::materials	2019	zh
event::Wzh201700007::6b3bf50fe4	propose	method::model	2017	zh
event::Wzh201700007::6b3bf50fe4	use	data::data	2017	zh
event::Wzh201700007::6b3bf50fe4	support	finding::[zh] data diffusion event event graph data on materials informatics	2017	zh
event::Wzh201700007::6b3bf50fe4	apply	application::materials	2017	zh
event::Wzh202300008::feecbc01b6	propose	method::model	2023	zh
event::Wzh202300008::feecbc01b6	use	data::data	2023	zh
event::Wzh202300008::feecbc01b6	support	finding::[zh] neural model diffusion learning learning neural on scientific discovery	2023	zh
event::Wzh202300008::feecbc01b6	apply	application::general science	2023	zh
event::Wzh202400009::4995ab2eeb	propose	method::model	2024	zh
event::Wzh202400009::4995ab2eeb	use	data::data	2024	zh
event::Wzh202400009::4995ab2eeb	support	finding::[zh] graph neural data event quantum model on scientific discovery	2024	zh
event::Wzh202400009::4995ab2eeb	apply	application::general science	2024	zh
event::Wzh202200010::3423627911	propose	method::model	2022	zh
event::Wzh202200010::3423627911	use	data::data	2022	zh
event::Wzh202200010::3423627911	support	finding::[zh] graph learning science model learning data on materials informatics	2022	zh
event::Wzh202200010::3423627911	apply	application::materials	2022	zh
event::Wzh201700011::f8fc9c13b4	propose	method::model	2017	zh
event::Wzh201700011::f8fc9c13b4	use	data::data	2017	zh
event::Wzh201700011::f8fc9c13b4	support	finding::[zh] event neural quantum knowledge learning data on AI for Science	2017	zh
event::Wzh201700011::f8fc9c13b4	apply	application::general science	2017	zh
event::Wzh201800012::78983a0927	propose	method::model	2018	zh
event::Wzh201800012::78983a0927	use	data::data	2018	zh
event::Wzh201800012::78983a0927	support	finding::[zh] diffusion neural event knowledge diffusion event on scientific discovery	2018	zh
event::Wzh201800012::78983a0927	apply	application::general science	2018	zh
event::Wzh202200013::dc8e861e0c	propose	method::model	2022	zh
event::Wzh202200013::dc8e861e0c	use	data::data	2022	zh
event::Wzh202200013::dc8e861e0c	support	finding::[zh] data graph data data model neural on AI for Science	2022	zh
event::Wzh202200013::dc8e861e0c	apply	application::general science	2022	zh
event::Wzh201800014::22bc7dfe18	propose	method::model	2018	zh
event::Wzh201800014::22bc7dfe18	use	data::data	2018	zh
event::Wzh201800014::22bc7dfe18	support	finding::[zh] event model quantum data diffusion event on scientific discovery	2018	zh
event::Wzh201800014::22bc7dfe18	apply	application::general science	2018	zh
event::Wzh201900015::37584f27c3	propose	method::model	2019	zh
event::Wzh201900015::37584f27c3	use	data::data	2019	zh
event::Wzh201900015::37584f27c3	support	finding::[zh] quantum science knowledge data diffusion knowledge on materials informatics	2019	zh
event::Wzh201900015::37584f27c3	apply	application::materials	2019	zh
event::Wzh202100016::f6fb9890b1	propose	method::model	2021	zh
event::Wzh202100016::f6fb9890b1	use	data::data	2021	zh
event::Wzh202100016::f6fb9890b1	support	finding::[zh] event learning data model data graph on AI for Science	2021	zh
event::Wzh202100016::f6fb9890b1	apply	application::general science	2021	zh
event::Wzh201900017::154d844dfc	propose	method::model	2019	zh
event::Wzh201900017::154d844dfc	use	data::data	2019	zh
event::Wzh201900017::154d844dfc	support	finding::[zh] quantum neural science science data quantum on scientific discovery	2019	zh
event::Wzh201900017::154d844dfc	apply	application::general science	2019	zh
event::Wzh201900018::96b4ef5013	propose	method::model	2019	zh
event::Wzh201900018::96b4ef5013	use	data::data	2019	zh
event::Wzh201900018::96b4ef5013	support	finding::[zh] graph model diffusion science diffusion learning on scientific discovery	2019	zh
event::Wzh201900018::96b4ef5013	apply	application::general science	2019	zh
event::Wzh201900019::dd79986070	propose	method::model	2019	zh
event::Wzh201900019::dd79986070	use	data::data	2019	zh
event::Wzh201900019::dd79986070	support	finding::[zh] quantum neural quantum quantum quantum data on scientific discovery	2019	zh
event::Wzh201900019::dd79986070	apply	application::general science	2019	zh
event::Wzh201700020::62ec0719ba	propose	method::model	2017	zh
event::Wzh201700020::62ec0719ba	use	data::data	2017	zh
event::Wzh201700020::62ec0719ba	support	finding::[zh] event data model learning diffusion knowledge on materials informatics	2017	zh
event::Wzh201700020::62ec0719ba	apply	application::materials	2017	zh
event::Wzh202000021::02ced58b57	propose	method::model	2020	zh
event::Wzh202000021::02ced58b57	use	data::data	2020	zh
event::Wzh202000021::02ced58b57	support	finding::[zh] neural quantum neural event diffusion event on AI for Science	2020	zh
event::Wzh202000021::02ced58b57	apply	application::general science	2020	zh
event::Wzh201600022::ae4f419bfa	propose	method::model	2016	zh
event::Wzh201600022::ae4f419bfa	use	data::data	2016	zh
event::Wzh201600022::ae4f419bfa	support	finding::[zh] quantum data diffusion model neural model on materials informatics	2016	zh
event::Wzh201600022::ae4f419bfa	apply	application::materials	2016	zh
event::Wzh201700023::fa3a20704a	propose	method::model	2017	zh
event::Wzh201700023::fa3a20704a	use	data::data	2017	zh
event::Wzh201700023::fa3a20704a	support	finding::[zh] graph science diffusion learning science graph on AI for Science	2017	zh
event::Wzh201700023::fa3a20704a	apply	application::general science	2017	zh
event::Wzh201700024::3437bf941d	propose	method::model	2017	zh
event::Wzh201700024::3437bf941d	use	data::data	2017	zh
event::Wzh201700024::3437bf941d	support	finding::[zh] model graph knowledge science neural quantum on materials informatics	2017	zh
event::Wzh201700024::3437bf941d	apply	application::materials	2017	zh
event::Wzh202300025::3411f6f669	propose	method::model	2023	zh
event::Wzh202300025::3411f6f669	use	data::data	2023	zh
event::Wzh202300025::3411f6f669	support	finding::[zh] data model graph quantum neural neural on materials informatics	2023	zh
event::Wzh202300025::3411f6f669	apply	application::materials	2023	zh
event::Wzh202500026::1010233fb8	propose	method::model	2025	zh
event::Wzh202500026::1010233fb8	use	data::data	2025	zh
event::Wzh202500026::1010233fb8	support	finding::[zh] diffusion graph diffusion data quantum diffusion on materials informatics	2025	zh
event::Wzh202500026::1010233fb8	apply	application::materials	2025	zh
event::Wzh202500027::144b780cdf	propose	method::model	2025	zh
event::Wzh202500027::144b780cdf	use	data::data	2025	zh
event::Wzh202500027::144b780cdf	support	finding::[zh] neural neural learning neural knowledge model on scientific discovery	2025	zh
event::Wzh202500027::144b780cdf	apply	application::general science	2025	zh
event::Wzh202300028::299d59c67b	propose	method::model	2023	zh
event::Wzh202300028::299d59c67b	use	data::data	2023	zh
event::Wzh202300028::299d59c67b	support	finding::[zh] data science science neural quantum data on scientific discovery	2023	zh
event::Wzh202300028::299d59c67b	apply	application::general science	2023	zh
event::Wzh202400029::64849660c4	propose	method::model	2024	zh
event::Wzh202400029::64849660c4	use	data::data	2024	zh
event::Wzh202400029::64849660c4	support	finding::[zh] data science data neural graph data on AI for Science	2024	zh
event::Wzh202400029::64849660c4	apply	application::general science	2024	zh
event::Wzh202500030::074f836f97	propose	method::model	2025	zh
event::Wzh202500030::074f836f97	use	data::data	2025	zh
event::Wzh202500030::074f836f97	support	finding::[zh] learning graph quantum neural model knowledge on materials informatics	2025	zh
event::Wzh202500030::074f836f97	apply	application::materials	2025	zh
event::Wzh202300031::1e51789938	propose	method::model	2023	zh
event::Wzh202300031::1e51789938	use	data::data	2023	zh
event::Wzh202300031::1e51789938	support	finding::[zh] quantum event quantum diffusion knowledge quantum on scientific discovery	2023	zh
event::Wzh202300031::1e51789938	apply	application::general science	2023	zh
event::Wzh201900032::5adb53b514	propose	method::model	2019	zh
event::Wzh201900032::5adb53b514	use	data::data	2019	zh
event::Wzh201900032::5adb53b514	support	finding::[zh] event quantum event science quantum data on scientific discovery	2019	zh
event::Wzh201900032::5adb53b514	apply	application::general science	2019	zh
event::Wzh202400033::6c6c0f8562	propose	method::model	2024	zh
event::Wzh202400033::6c6c0f8562	use	data::data	2024	zh
event::Wzh202400033::6c6c0f8562	support	finding::[zh] diffusion graph event event neural data on materials informatics	2024	zh
event::Wzh202400033::6c6c0f8562	apply	application::materials	2024	zh
event::Wzh202200034::9bff079029	propose	method::model	2022	zh
event::Wzh202200034::9bff079029	use	data::data	2022	zh
event::Wzh202200034::9bff079029	support	finding::[zh] data knowledge science knowledge data graph on scientific discovery	2022	zh
event::Wzh202200034::9bff079029	apply	application::general science	2022	zh
event::Wzh201700035::b092ee1490	propose	method::model	2017	zh
event::Wzh201700035::b092ee1490	use	data::data	2017	zh
event::Wzh201700035::b092ee1490	support	finding::[zh] learning science science quantum data diffusion on scientific discovery	2017	zh
event::Wzh201700035::b092ee1490	apply	application::general science	2017	zh
event::Wzh202400036::c3f03fa8be	propose	method::model	2024	zh
event::Wzh202400036::c3f03fa8be	use	data::data	2024	zh
event::Wzh202400036::c3f03fa8be	support	finding::[zh] event science model knowledge neural data on AI for Science	2024	zh
event::Wzh202400036::c3f03fa8be	apply	application::general science	2024	zh
event::Wzh202000037::83e442bdac	propose	method::model	2020	zh
event::Wzh202000037::83e442bdac	use	data::data	2020	zh
event::Wzh202000037::83e442bdac	support	finding::[zh] graph graph learning data diffusion science on AI for Science	2020	zh
event::Wzh202000037::83e442bdac	apply	application::general science	2020	zh
event::Wzh202100038::7a5222a4d3	propose	method::model	2021	zh
event::Wzh202100038::7a5222a4d3	use	data::data	2021	zh
event::Wzh202100038::7a5222a4d3	support	finding::[zh] diffusion quantum data neural diffusion graph on AI for Science	2021	zh
event::Wzh202100038::7a5222a4d3	apply	application::general science	2021	zh
event::Wzh202100039::0cfd562e14	propose	method::model	2021	zh
event::Wzh202100039::0cfd562e14	use	data::data	2021	zh
event::Wzh202100039::0cfd562e14	support	finding::[zh] graph learning neural quantum knowledge model on materials informatics	2021	zh
event::Wzh202100039::0cfd562e14	apply	application::materials	2021	zh
event::Wzh202000040::4a6f60fda8	propose	method::model	2020	zh
event::Wzh202000040::4a6f60fda8	use	data::data	2020	zh
event::Wzh202000040::4a6f60fda8	support	finding::[zh] event graph event science science data on materials informatics	2020	zh
event::Wzh202000040::4a6f60fda8	apply	application::materials	2020	zh
event::Wzh202100041::94890f9cd6	propose	method::model	2021	zh
event::Wzh202100041::94890f9cd6	use	data::data	2021	zh
event::Wzh202100041::94890f9cd6	support	finding::[zh] graph knowledge data learning event quantum on scientific discovery	2021	zh
event::Wzh202100041::94890f9cd6	apply	application::general science	2021	zh
event::Wzh202100042::97e3a65519	propose	method::model	2021	zh
event::Wzh202100042::97e3a65519	use	data::data	2021	zh
event::Wzh202100042::97e3a65519	support	finding::[zh] event science learning graph knowledge knowledge on AI for Science	2021	zh
event::Wzh202100042::97e3a65519	apply	application::general science	2021	zh
event::Wzh202100043::80ab5bba58	propose	method::model	2021	zh
event::Wzh202100043::80ab5bba58	use	data::data	2021	zh
event::Wzh202100043::80ab5bba58	support	finding::[zh] learning event knowledge diffusion science diffusion on scientific discovery	2021	zh
event::Wzh202100043::80ab5bba58	apply	application::general science	2021	zh
event::Wzh202200044::80324efb23	propose	method::model	2022	zh
event::Wzh202200044::80324efb23	use	data::data	2022	zh
event::Wzh202200044::80324efb23	support	finding::[zh] model diffusion science neural event model on AI for Science	2022	zh
event::Wzh202200044::80324efb23	apply	application::general science	2022	zh
event::Wzh202300045::d4837794da	propose	method::model	2023	zh
event::Wzh202300045::d4837794da	use	data::data	2023	zh
event::Wzh202300045::d4837794da	support	finding::[zh] model diffusion neural data graph neural on materials informatics	2023	zh
event::Wzh202300045::d4837794da	apply	application::materials	2023	zh
event::Wzh202300046::b4084aade4	propose	method::model	2023	zh
event::Wzh202300046::b4084aade4	use	data::data	2023	zh
event::Wzh202300046::b4084aade4	support	finding::[zh] data learning quantum data model data on scientific discovery	2023	zh
event::Wzh202300046::b4084aade4	apply	application::general science	2023	zh
event::Wzh202500047::7177fb6e57	propose	method::model	2025	zh
event::Wzh202500047::7177fb6e57	use	data::data	2025	zh
event::Wzh202500047::7177fb6e57	support	finding::[zh] science learning event data model graph on AI for Science	2025	zh
event::Wzh202500047::7177fb6e57	apply	application::general science	2025	zh
event::Wzh202200048::c14ce33a51	propose	method::model	2022	zh
event::Wzh202200048::c14ce33a51	use	data::data	2022	zh
event::Wzh202200048::c14ce33a51	support	finding::[zh] graph model diffusion quantum learning data on materials informatics	2022	zh
event::Wzh202200048::c14ce33a51	apply	application::materials	2022	zh
event::Wzh202300049::39ec48540b	propose	method::model	2023	zh
event::Wzh202300049::39ec48540b	use	data::data	2023	zh
event::Wzh202300049::39ec48540b	support	finding::[zh] science learning quantum knowledge quantum science on scientific discovery	2023	zh
event::Wzh202300049::39ec48540b	apply	application::general science	2023	zh
event::Wfr202500000::006b7aa6fa	propose	method::model	2025	fr
event::Wfr202500000::006b7aa6fa	use	data::data	2025	fr
event::Wfr202500000::006b7aa6fa	support	finding::[fr] event graph neural learning event event on scientific discovery	2025	fr
event::Wfr202500000::006b7aa6fa	apply	application::general science	2025	fr
event::Wfr202300001::88938c07fe	propose	method::model	2023	fr
event::Wfr202300001::88938c07fe	use	data::data	2023	fr
event::Wfr202300001::88938c07fe	support	finding::[fr] knowledge knowledge event learning data diffusion on materials informatics	2023	fr
event::Wfr202300001::88938c07fe	apply	application::materials	2023	fr
event::Wfr201600002::ff2c9503dc	propose	method::baseline method	2016	fr
event::Wfr201600002::ff2c9503dc	use	data::data	2016	fr
event::Wfr201600002::ff2c9503dc	support	finding::[fr] diffusion quantum event science learning graph on materials informatics	2016	fr
event::Wfr201600002::ff2c9503dc	apply	application::materials	2016	fr
event::Wfr202500003::5649451f77	propose	method::model	2025	fr
event::Wfr202500003::5649451f77	use	data::data	2025	fr
event::Wfr202500003::5649451f77	support	finding::[fr] diffusion quantum model event diffusion science on materials informatics	2025	fr
event::Wfr202500003::5649451f77	apply	application::materials	2025	fr
event::Wfr202500004::99e393826f	propose	method::model	2025	fr
event::Wfr202500004::99e393826f	use	data::data	2025	fr
event::Wfr202500004::99e393826f	support	finding::[fr] neural event learning quantum graph diffusion on scientific discovery	2025	fr
event::Wfr202500004::99e393826f	apply	application::general science	2025	fr
event::Wfr202200005::4c5cef72d6	propose	method::model	2022	fr
event::Wfr202200005::4c5cef72d6	use	data::data	2022	fr
event::Wfr202200005::4c5cef72d6	support	finding::[fr] quantum science diffusion neural neural model on materials informatics	2022	fr
event::Wfr202200005::4c5cef72d6	apply	application::materials	2022	fr
event::Wfr201600006::c662873374	propose	method::model	2016	fr
event::Wfr201600006::c662873374	use	data::data	2016	fr
event::Wfr201600006::c662873374	support	finding::[fr] quantum knowledge quantum graph knowledge graph on AI for Science	2016	fr
event::Wfr201600006::c662873374	apply	application::general science	2016	fr
event::Wfr202100007::a32dcd1d0a	propose	method::model	2021	fr
event::Wfr202100007::a32dcd1d0a	use	data::data	2021	fr
event::Wfr202100007::a32dcd1d0a	support	finding::[fr] quantum model data knowledge model learning on AI for Science	2021	fr
event::Wfr202100007::a32dcd1d0a	apply	application::general science	2021	fr
event::Wfr201700008::1398c355f8	propose	method::model	2017	fr
event::Wfr201700008::1398c355f8	use	data::data	2017	fr
event::Wfr201700008::1398c355f8	support	finding::[fr] diffusion neural learning quantum quantum quantum on materials informatics	2017	fr
event::Wfr201700008::1398c355f8	apply	application::materials	2017	fr
event::Wfr202500009::9a795372a3	propose	method::model	2025	fr
event::Wfr202500009::9a795372a3	use	data::data	2025	fr
event::Wfr202500009::9a795372a3	support	finding::[fr] event learning science event knowledge learning on scientific discovery	2025	fr
event::Wfr202500009::9a795372a3	apply	application::general science	2025	fr
event::Wfr201600010::b3f42c6db2	propose	method::model	2016	fr
event::Wfr201600010::b3f42c6db2	use	data::data	2016	fr
event::Wfr201600010::b3f42c6db2	support	finding::[fr] model neural science neural quantum diffusion on AI for Science	2016	fr
event::Wfr201600010::b3f42c6db2	apply	application::general science	2016	fr
event::Wfr202400011::afe872ab6d	propose	method::model	2024	fr
event::Wfr202400011::afe872ab6d	use	data::data	2024	fr
event::Wfr202400011::afe872ab6d	support	finding::[fr] neural graph learning data knowledge knowledge on AI for Science	2024	fr
event::Wfr202400011::afe872ab6d	apply	application::general science	2024	fr
event::Wfr202200012::1ab06af5e0	propose	method::model	2022	fr
event::Wfr202200012::1ab06af5e0	use	data::data	2022	fr
event::Wfr202200012::1ab06af5e0	support	finding::[fr] learning quantum model quantum event data on materials informatics	2022	fr
event::Wfr202200012::1ab06af5e0	apply	application::materials	2022	fr
event::Wfr202000013::2869ae5ed1	propose	method::model	2020	fr
event::Wfr202000013::2869ae5ed1	use	data::data	2020	fr
event::Wfr202000013::2869ae5ed1	support	finding::[fr] knowledge model neural graph learning quantum on scientific discovery	2020	fr
event::Wfr202000013::2869ae5ed1	apply	application::general science	2020	fr
event::Wfr201700014::2cb78fffe5	propose	method::model	2017	fr
event::Wfr201700014::2cb78fffe5	use	data::data	2017	fr
event::Wfr201700014::2cb78fffe5	support	finding::[fr] model graph diffusion graph event diffusion on AI for Science	2017	fr
event::Wfr201700014::2cb78fffe5	apply	application::general science	2017	fr
event::Wfr202200015::b58f98ddb2	propose	method::model	2022	fr
event::Wfr202200015::b58f98ddb2	use	data::data	2022	fr
event::Wfr202200015::b58f98ddb2	support	finding::[fr] graph learning learning graph knowledge neural on scientific discovery	2022	fr
event::Wfr202200015::b58f98ddb2	apply	application::general science	2022	fr
event::Wfr202200016::06404aec08	propose	method::model	2022	fr
event::Wfr202200016::06404aec08	use	data::data	2022	fr
event::Wfr202200016::06404aec08	support	finding::[fr] model graph data data event model on materials informatics	2022	fr
event::Wfr202200016::06404aec08	apply	application::materials	2022	fr
event::Wfr202300017::d41e50f566	propose	method::model	2023	fr
event::Wfr202300017::d41e50f566	use	data::data	2023	fr
event::Wfr202300017::d41e50f566	support	finding::[fr] quantum quantum event event model neural on AI for Science	2023	fr
event::Wfr202300017::d41e50f566	apply	application::general science	2023	fr
event::Wfr201800018::5274fe68ac	propose	method::model	2018	fr
event::Wfr201800018::5274fe68ac	use	data::data	2018	fr
event::Wfr201800018::5274fe68ac	support	finding::[fr] data model science science neural neural on AI for Science	2018	fr
event::Wfr201800018::5274fe68ac	apply	application::general science	2018	fr
event::Wfr202000019::e13b995348	propose	method::model	2020	fr
event::Wfr202000019::e13b995348	use	data::data	2020	fr
event::Wfr202000019::e13b995348	support	finding::[fr] knowledge science quantum quantum knowledge quantum on materials informatics	2020	fr
event::Wfr202000019::e13b995348	apply	application::materials	2020	fr
event::Wfr201600020::e57572a607	propose	method::model	2016	fr
event::Wfr201600020::e57572a607	use	data::data	2016	fr
event::Wfr201600020::e57572a607	support	finding::[fr] knowledge data neural data model knowledge on scientific discovery	2016	fr
event::Wfr201600020::e57572a607	apply	application::general science	2016	fr
event::Wfr202300021::d3d30334eb	propose	method::model	2023	fr
event::Wfr202300021::d3d30334eb	use	data::data	2023	fr
event::Wfr202300021::d3d30334eb	support	finding::[fr] quantum diffusion knowledge knowledge science neural on AI for Science	2023	fr
event::Wfr202300021::d3d30334eb	apply	application::general science	2023	fr
event::Wfr202100022::1655f09cc6	propose	method::model	2021	fr
event::Wfr202100022::1655f09cc6	use	data::data	2021	fr
event::Wfr202100022::1655f09cc6	support	finding::[fr] model model model data model model on AI for Science	2021	fr
event::Wfr202100022::1655f09cc6	apply	application::general science	2021	fr
event::Wfr201800023::13158b14c4	propose	method::model	2018	fr
event::Wfr201800023::13158b14c4	use	data::synthetic data	2018	fr
event::Wfr201800023::13158b14c4	support	finding::[fr] graph model learning neural model science on scientific discovery	2018	fr
event::Wfr201800023::13158b14c4	apply	application::general science	2018	fr
event::Wfr201700024::07e0b1d53f	propose	method::model	2017	fr
event::Wfr201700024::07e0b1d53f	use	data::data	2017	fr
event::Wfr201700024::07e0b1d53f	support	finding::[fr] neural diffusion neural quantum quantum graph on AI for Science	2017	fr
event::Wfr201700024::07e0b1d53f	apply	application::general science	2017	fr
event::Wfr202200025::eb3ee1dfe1	propose	method::model	2022	fr
event::Wfr202200025::eb3ee1dfe1	use	data::data	2022	fr
event::Wfr202200025::eb3ee1dfe1	support	finding::[fr] data graph quantum quantum diffusion quantum on materials informatics	2022	fr
event::Wfr202200025::eb3ee1dfe1	apply	application::materials	2022	fr
event::Wfr202400026::1d7a05a7d7	propose	method::model	2024	fr
event::Wfr202400026::1d7a05a7d7	use	data::data	2024	fr
event::Wfr202400026::1d7a05a7d7	support	finding::[fr] quantum data knowledge diffusion science science on materials informatics	2024	fr
event::Wfr202400026::1d7a05a7d7	apply	application::materials	2024	fr
event::Wfr202200027::41144308a6	propose	method::model	2022	fr
event::Wfr202200027::41144308a6	use	data::data	2022	fr
event::Wfr202200027::41144308a6	support	finding::[fr] event diffusion neural quantum graph neural on AI for Science	2022	fr
event::Wfr202200027::41144308a6	apply	application::general science	2022	fr
event::Wfr202500028::7d4b9f334d	propose	method::model	2025	fr
event::Wfr202500028::7d4b9f334d	use	data::data	2025	fr
event::Wfr202500028::7d4b9f334d	support	finding::[fr] event science neural science model neural on materials informatics	2025	fr
event::Wfr202500028::7d4b9f334d	apply	application::materials	2025	fr
event::Wfr201600029::bc315217d3	propose	method::model	2016	fr
event::Wfr201600029::bc315217d3	use	data::data	2016	fr
event::Wfr201600029::bc315217d3	support	finding::[fr] neural diffusion neural model learning neural on scientific discovery	2016	fr
event::Wfr201600029::bc315217d3	apply	application::general science	2016	fr
event::Wfr202100030::443abd18ef	propose	method::model	2021	fr
event::Wfr202100030::443abd18ef	use	data::data	2021	fr
event::Wfr202100030::443abd18ef	support	finding::[fr] science graph quantum data diffusion learning on AI for Science	2021	fr
event::Wfr202100030::443abd18ef	apply	application::general science	2021	fr
event::Wfr201700031::82f345b812	propose	method::model	2017	fr
event::Wfr201700031::82f345b812	use	data::data	2017	fr
event::Wfr201700031::82f345b812	support	finding::[fr] knowledge neural learning diffusion model knowledge on materials informatics	2017	fr
event::Wfr201700031::82f345b812	apply	application::materials	2017	fr
event::Wfr202400032::8a384e3d89	propose	method::model	2024	fr
event::Wfr202400032::8a384e3d89	use	data::data	2024	fr
event::Wfr202400032::8a384e3d89	support	finding::[fr] diffusion knowledge model neural data diffusion on materials informatics	2024	fr
event::Wfr202400032::8a384e3d89	apply	application::materials	2024	fr
event::Wfr201700033::e2f13d4839	propose	method::model	2017	fr
event::Wfr201700033::e2f13d4839	use	data::data	2017	fr
event::Wfr201700033::e2f13d4839	support	finding::[fr] learning knowledge science graph event quantum on AI for Science	2017	fr
event::Wfr201700033::e2f13d4839	apply	application::general science	2017	fr
event::Wfr202100034::7d2a5ed2d8	propose	method::model	2021	fr
event::Wfr202100034::7d2a5ed2d8	use	data::data	2021	fr
event::Wfr202100034::7d2a5ed2d8	support	finding::[fr] learning model quantum learning graph learning on AI for Science	2021	fr
event::Wfr202100034::7d2a5ed2d8	apply	application::general science	2021	fr
event::Wfr202100035::c5a68198d1	propose	method::model	2021	fr
event::Wfr202100035::c5a68198d1	use	data::data	2021	fr
event::Wfr202100035::c5a68198d1	support	finding::[fr] event neural knowledge data data diffusion on materials informatics	2021	fr
event::Wfr202100035::c5a68198d1	apply	application::materials	2021	fr
event::Wfr201600036::8bc5e39b8c	propose	method::model	2016	fr
event::Wfr201600036::8bc5e39b8c	use	data::data	2016	fr
event::Wfr201600036::8bc5e39b8c	support	finding::[fr] science learning learning science neural data on AI for Science	2016	fr
event::Wfr201600036::8bc5e39b8c	apply	application::general science	2016	fr
event::Wfr202400037::f196b6c115	propose	method::model	2024	fr
event::Wfr202400037::f196b6c115	use	data::data	2024	fr
event::Wfr202400037::f196b6c115	support	finding::[fr] science knowledge model diffusion quantum neural on materials informatics	2024	fr
event::Wfr202400037::f196b6c115	apply	application::materials	2024	fr
event::Wfr202000038::376b053933	propose	method::baseline method	2020	fr
event::Wfr202000038::376b053933	use	data::data	2020	fr
event::Wfr202000038::376b053933	support	finding::[fr] learning quantum event neural quantum learning on scientific discovery	2020	fr
event::Wfr202000038::376b053933	apply	application::general science	2020	fr
event::Wfr202300039::0d595af134	propose	method::model	2023	fr
event::Wfr202300039::0d595af134	use	data::data	2023	fr
event::Wfr202300039::0d595af134	support	finding::[fr] graph science knowledge knowledge quantum quantum on AI for Science	2023	fr
event::Wfr202300039::0d595af134	apply	application::general science	2023	fr
event::Wfr202000040::a4453f0733	propose	method::model	2020	fr
event::Wfr202000040::a4453f0733	use	data::data	2020	fr
event::Wfr202000040::a4453f0733	support	finding::[fr] learning model diffusion neural knowledge graph on scientific discovery	2020	fr
event::Wfr202000040::a4453f0733	apply	application::general science	2020	fr
event::Wfr201900041::6169467a78	propose	method::model	2019	fr
event::Wfr201900041::6169467a78	use	data::data	2019	fr
event::Wfr201900041::6169467a78	support	finding::[fr] learning learning data science event graph on scientific discovery	2019	fr
event::Wfr201900041::6169467a78	apply	application::general science	2019	fr
event::Wfr202100042::742befcdd2	propose	method::model	2021	fr
event::Wfr202100042::742befcdd2	use	data::data	2021	fr
event::Wfr202100042::742befcdd2	support	finding::[fr] knowledge data science science learning quantum on scientific discovery	2021	fr
event::Wfr202100042::742befcdd2	apply	application::general science	2021	fr
event::Wfr201700043::07b5a5d470	propose	method::model	2017	fr
event::Wfr201700043::07b5a5d470	use	data::data	2017	fr
event::Wfr201700043::07b5a5d470	support	finding::[fr] neural model diffusion science neural data on scientific discovery	2017	fr
event::Wfr201700043::07b5a5d470	apply	application::general science	2017	fr
event::Wfr201600044::121b25c759	propose	method::model	2016	fr
event::Wfr201600044::121b25c759	use	data::data	2016	fr
event::Wfr201600044::121b25c759	support	finding::[fr] diffusion graph graph data knowledge learning on materials informatics	2016	fr
event::Wfr201600044::121b25c759	apply	application::materials	2016	fr
event::Wfr201600045::546b19f52c	propose	method::model	2016	fr
event::Wfr201600045::546b19f52c	use	data::data	2016	fr
event::Wfr201600045::546b19f52c	support	finding::[fr] data event model knowledge graph data on materials informatics	2016	fr
event::Wfr201600045::546b19f52c	apply	application::materials	2016	fr
event::Wfr202300046::903ae34e3b	propose	method::model	2023	fr
event::Wfr202300046::903ae34e3b	use	data::data	2023	fr
event::Wfr202300046::903ae34e3b	support	finding::[fr] science diffusion learning diffusion graph quantum on materials informatics	2023	fr
event::Wfr202300046::903ae34e3b	apply	application::materials	2023	fr
event::Wfr202300047::3db632c8e7	propose	method::model	2023	fr
event::Wfr202300047::3db632c8e7	use	data::data	2023	fr
event::Wfr202300047::3db632c8e7	support	finding::[fr] event science science data science diffusion on AI for Science	2023	fr
event::Wfr202300047::3db632c8e7	apply	application::general science	2023	fr
event::Wfr202300048::19b4b3550e	propose	method::model	2023	fr
event::Wfr202300048::19b4b3550e	use	data::data	2023	fr
event::Wfr202300048::19b4b3550e	support	finding::[fr] quantum diffusion graph diffusion science event on AI for Science	2023	fr
event::Wfr202300048::19b4b3550e	apply	application::general science	2023	fr
event::Wfr201700049::6be551d081	propose	method::model	2017	fr
event::Wfr201700049::6be551d081	use	data::data	2017	fr
event::Wfr201700049::6be551d081	support	finding::[fr] data quantum learning science graph quantum on materials informatics	2017	fr
event::Wfr201700049::6be551d081	apply	application::materials	2017	fr
event::Wes202300000::08b181fe39	propose	method::model	2023	es
event::Wes202300000::08b181fe39	use	data::data	2023	es
event::Wes202300000::08b181fe39	support	finding::[es] graph science graph graph data knowledge on materials informatics	2023	es
event::Wes202300000::08b181fe39	apply	application::materials	2023	es
event::Wes202100001::0571dff087	propose	method::model	2021	es
event::Wes202100001::0571dff087	use	data::data	2021	es
event::Wes202100001::0571dff087	support	finding::[es] diffusion event event knowledge neural model on AI for Science	2021	es
event::Wes202100001::0571dff087	apply	application::general science	2021	es
event::Wes201800002::08b861eb7c	propose	method::model	2018	es
event::Wes201800002::08b861eb7c	use	data::data	2018	es
event::Wes201800002::08b861eb7c	support	finding::[es] neural knowledge data model science graph on scientific discovery	2018	es
event::Wes201800002::08b861eb7c	apply	application::general science	2018	es
event::Wes201800003::2b4a49e52e	propose	method::model	2018	es
event::Wes201800003::2b4a49e52e	use	data::data	2018	es
event::Wes201800003::2b4a49e52e	support	finding::[es] model model learning diffusion quantum data on AI for Science	2018	es
event::Wes201800003::2b4a49e52e	apply	application::general science	2018	es
event::Wes202300004::40b866a780	propose	method::model	2023	es
event::Wes202300004::40b866a780	use	data::data	2023	es
event::Wes202300004::40b866a780	support	finding::[es] diffusion neural neural graph event graph on materials informatics	2023	es
event::Wes202300004::40b866a780	apply	application::materials	2023	es
event::Wes202400005::c555438d2c	propose	method::model	2024	es
event::Wes202400005::c555438d2c	use	data::data	2024	es
event::Wes202400005::c555438d2c	support	finding::[es] diffusion data model knowledge knowledge diffusion on AI for Science	2024	es
event::Wes202400005::c555438d2c	apply	application::general science	2024	es
event::Wes202000006::918a754ef1	propose	method::model	2020	es
event::Wes202000006::918a754ef1	use	data::data	2020	es
event::Wes202000006::918a754ef1	support	finding::[es] quantum quantum neural quantum knowledge science on AI for Science	2020	es
event::Wes202000006::918a754ef1	apply	application::general science	2020	es
event::Wes202400007::0034c4ac94	propose	method::model	2024	es
event::Wes202400007::0034c4ac94	use	data::data	2024	es
event::Wes202400007::0034c4ac94	support	finding::[es] quantum model knowledge quantum neural knowledge on AI for Science	2024	es
event::Wes202400007::0034c4ac94	apply	application::general science	2024	es
event::Wes201700008::7d3f2a145b	propose	method::model	2017	es
event::Wes201700008::7d3f2a145b	use	data::data	2017	es
event::Wes201700008::7d3f2a145b	support	finding::[es] quantum data knowledge diffusion diffusion quantum on AI for Science	2017	es
event::Wes201700008::7d3f2a145b	apply	application::general science	2017	es
event::Wes202400009::e7b36c1bb3	propose	method::model	2024	es
event::Wes202400009::e7b36c1bb3	use	data::data	2024	es
event::Wes202400009::e7b36c1bb3	support	finding::[es] data quantum graph science neural learning on materials informatics	2024	es
event::Wes202400009::e7b36c1bb3	apply	application::materials	2024	es
event::Wes202300010::68d4195483	propose	method::model	2023	es
event::Wes202300010::68d4195483	use	data::data	2023	es
event::Wes202300010::68d4195483	support	finding::[es] science data event learning science model on AI for Science	2023	es
event::Wes202300010::68d4195483	apply	application::general science	2023	es
event::Wes202500011::3d78545cef	propose	method::model	2025	es
event::Wes202500011::3d78545cef	use	data::data	2025	es
event::Wes202500011::3d78545cef	support	finding::[es] model model event neural knowledge learning on AI for Science	2025	es
event::Wes202500011::3d78545cef	apply	application::general science	2025	es
event::Wes201600012::50d7ba79ac	propose	method::model	2016	es
event::Wes201600012::50d7ba79ac	use	data::data	2016	es
event::Wes201600012::50d7ba79ac	support	finding::[es] learning diffusion quantum neural model neural on AI for Science	2016	es
event::Wes201600012::50d7ba79ac	apply	application::general science	2016	es
event::Wes202100013::56bb20f286	propose	method::model	2021	es
event::Wes202100013::56bb20f286	use	data::data	2021	es
event::Wes202100013::56bb20f286	support	finding::[es] diffusion model knowledge diffusion model knowledge on materials informatics	2021	es
event::Wes202100013::56bb20f286	apply	application::materials	2021	es
event::Wes202000014::83450f19aa	propose	method::model	2020	es
event::Wes202000014::83450f19aa	use	data::data	2020	es
event::Wes202000014::83450f19aa	support	finding::[es] quantum data quantum event neural knowledge on scientific discovery	2020	es
event::Wes202000014::83450f19aa	apply	application::general science	2020	es
event::Wes201800015::d09992b715	propose	method::model	2018	es
event::Wes201800015::d09992b715	use	data::data	2018	es
event::Wes201800015::d09992b715	support	finding::[es] graph model diffusion data diffusion graph on materials informatics	2018	es
event::Wes201800015::d09992b715	apply	application::materials	2018	es
event::Wes202100016::08d3d09fd0	propose	method::model	2021	es
event::Wes202100016::08d3d09fd0	use	data::data	2021	es
event::Wes202100016::08d3d09fd0	support	finding::[es] data graph model science quantum event on scientific discovery	2021	es
event::Wes202100016::08d3d09fd0	apply	application::general science	2021	es
event::Wes202400017::de75d38877	propose	method::model	2024	es
event::Wes202400017::de75d38877	use	data::data	2024	es
event::Wes202400017::de75d38877	support	finding::[es] knowledge graph knowledge learning science neural on scientific discovery	2024	es
event::Wes202400017::de75d38877	apply	application::general science	2024	es
event::Wes202000018::22c90d3444	propose	method::model	2020	es
event::Wes202000018::22c90d3444	use	data::data	2020	es
event::Wes202000018::22c90d3444	support	finding::[es] data graph model neural quantum neural on materials informatics	2020	es
event::Wes202000018::22c90d3444	apply	application::materials	2020	es
event::Wes201900019::a5e58de383	propose	method::baseline method	2019	es
event::Wes201900019::a5e58de383	use	data::data	2019	es
event::Wes201900019::a5e58de383	support	finding::[es] quantum neural event learning learning graph on AI for Science	2019	es
event::Wes201900019::a5e58de383	apply	application::general science	2019	es
event::Wes202300020::cf20844501	propose	method::model	2023	es
event::Wes202300020::cf20844501	use	data::data	2023	es
event::Wes202300020::cf20844501	support	finding::[es] quantum data neural event knowledge learning on AI for Science	2023	es
event::Wes202300020::cf20844501	apply	application::general science	2023	es
event::Wes202000021::3249433129	propose	method::model	2020	es
event::Wes202000021::3249433129	use	data::data	2020	es
event::Wes202000021::3249433129	support	finding::[es] event diffusion model science learning data on AI for Science	2020	es
event::Wes202000021::3249433129	apply	application::general science	2020	es
event::Wes201900022::b97ac4f4d3	propose	method::model	2019	es
event::Wes201900022::b97ac4f4d3	use	data::data	2019	es
event::Wes201900022::b97ac4f4d3	support	finding::[es] graph science knowledge graph science diffusion on materials informatics	2019	es
event::Wes201900022::b97ac4f4d3	apply	application::materials	2019	es
event::Wes201700023::d084cf0ec7	propose	method::model	2017	es
event::Wes201700023::d084cf0ec7	use	data::data	2017	es
event::Wes201700023::d084cf0ec7	support	finding::[es] diffusion learning quantum knowledge data graph on AI for Science	2017	es
event::Wes201700023::d084cf0ec7	apply	application::general science	2017	es
event::Wes202200024::c3c25c46c4	propose	method::model	2022	es
event::Wes202200024::c3c25c46c4	use	data::data	2022	es
event::Wes202200024::c3c25c46c4	support	finding::[es] knowledge diffusion quantum data data learning on scientific discovery	2022	es
event::Wes202200024::c3c25c46c4	apply	application::general science	2022	es
event::Wes202200025::4dd7497331	propose	method::model	2022	es
event::Wes202200025::4dd7497331	use	data::data	2022	es
event::Wes202200025::4dd7497331	support	finding::[es] science diffusion science model learning quantum on materials informatics	2022	es
event::Wes202200025::4dd7497331	apply	application::materials	2022	es
event::Wes201700026::f96c50b084	propose	method::model	2017	es
event::Wes201700026::f96c50b084	use	data::data	2017	es
event::Wes201700026::f96c50b084	support	finding::[es] model quantum science neural event graph on AI for Science	2017	es
event::Wes201700026::f96c50b084	apply	application::general science	2017	es
event::Wes201700027::eef8cd221f	propose	method::model	2017	es
event::Wes201700027::eef8cd221f	use	data::data	2017	es
event::Wes201700027::eef8cd221f	support	finding::[es] model knowledge science data science data on AI for Science	2017	es
event::Wes201700027::eef8cd221f	apply	application::general science	2017	es
event::Wes202500028::24ec60f812	propose	method::model	2025	es
event::Wes202500028::24ec60f812	use	data::data	2025	es
event::Wes202500028::24ec60f812	support	finding::[es] event event quantum science knowledge neural on materials informatics	2025	es
event::Wes202500028::24ec60f812	apply	application::materials	2025	es
event::Wes202100029::925ff60e96	propose	method::model	2021	es
event::Wes202100029::925ff60e96	use	data::data	2021	es
event::Wes202100029::925ff60e96	support	finding::[es] science diffusion event event knowledge graph on materials informatics	2021	es
event::Wes202100029::925ff60e96	apply	application::materials	2021	es
event::Wes201900030::6aaf717279	propose	method::model	2019	es
event::Wes201900030::6aaf717279	use	data::data	2019	es
event::Wes201900030::6aaf717279	support	finding::[es] data science diffusion quantum event diffusion on AI for Science	2019	es
event::Wes201900030::6aaf717279	apply	application::general science	2019	es
event::Wes202300031::c259bc83fe	propose	method::model	2023	es
event::Wes202300031::c259bc83fe	use	data::data	2023	es
event::Wes202300031::c259bc83fe	support	finding::[es] neural graph learning diffusion model quantum on materials informatics	2023	es
event::Wes202300031::c259bc83fe	apply	application::materials	2023	es
event::Wes201700032::b3a10b457f	propose	method::model	2017	es
event::Wes201700032::b3a10b457f	use	data::data	2017	es
event::Wes201700032::b3a10b457f	support	finding::[es] knowledge science graph data science model on AI for Science	2017	es
event::Wes201700032::b3a10b457f	apply	application::general science	2017	es
event::Wes201800033::ae9c6156f2	propose	method::model	2018	es
event::Wes201800033::ae9c6156f2	use	data::data	2018	es
event::Wes201800033::ae9c6156f2	support	finding::[es] learning science science science event science on AI for Science	2018	es
event::Wes201800033::ae9c6156f2	apply	application::general science	2018	es
event::Wes202000034::0f80da75e3	propose	method::model	2020	es
event::Wes202000034::0f80da75e3	use	data::data	2020	es
event::Wes202000034::0f80da75e3	support	finding::[es] learning data graph knowledge science science on AI for Science	2020	es
event::Wes202000034::0f80da75e3	apply	application::general science	2020	es
event::Wes202100035::c96c9503a6	propose	method::model	2021	es
event::Wes202100035::c96c9503a6	use	data::data	2021	es
event::Wes202100035::c96c9503a6	support	finding::[es] data event graph learning science data on AI for Science	2021	es
event::Wes202100035::c96c9503a6	apply	application::general science	2021	es
event::Wes201700036::48de9f7356	propose	method::model	2017	es
event::Wes201700036::48de9f7356	use	data::data	2017	es
event::Wes201700036::48de9f7356	support	finding::[es] event learning graph graph quantum diffusion on scientific discovery	2017	es
event::Wes201700036::48de9f7356	apply	application::general science	2017	es
event::Wes202500037::757312ed26	propose	method::model	2025	es
event::Wes202500037::757312ed26	use	data::data	2025	es
event::Wes202500037::757312ed26	support	finding::[es] learning data model quantum neural model on AI for Science	2025	es
event::Wes202500037::757312ed26	apply	application::general science	2025	es
event::Wes201600038::d466ee2f8d	propose	method::model	2016	es
event::Wes201600038::d466ee2f8d	use	data::data	2016	es
event::Wes201600038::d466ee2f8d	support	finding::[es] graph quantum graph neural learning knowledge on materials informatics	2016	es
event::Wes201600038::d466ee2f8d	apply	application::materials	2016	es
event::Wes202400039::e42c25f9c9	propose	method::model	2024	es
event::Wes202400039::e42c25f9c9	use	data::data	2024	es
event::Wes202400039::e42c25f9c9	support	finding::[es] neural diffusion diffusion data learning science on AI for Science	2024	es
event::Wes202400039::e42c25f9c9	apply	application::general science	2024	es
event::Wes202100040::2a40c618e4	propose	method::model	2021	es
event::Wes202100040::2a40c618e4	use	data::data	2021	es
event::Wes202100040::2a40c618e4	support	finding::[es] learning learning model quantum diffusion learning on AI for Science	2021	es
event::Wes202100040::2a40c618e4	apply	application::general science	2021	es
event::Wes201800041::e43abd2836	propose	method::model	2018	es
event::Wes201800041::e43abd2836	use	data::data	2018	es
event::Wes201800041::e43abd2836	support	finding::[es] model model data diffusion knowledge data on AI for Science	2018	es
event::Wes201800041::e43abd2836	apply	application::general science	2018	es
event::Wes202000042::e2de25250b	propose	method::model	2020	es
event::Wes202000042::e2de25250b	use	data::data	2020	es
event::Wes202000042::e2de25250b	support	finding::[es] science graph model model learning learning on scientific discovery	2020	es
event::Wes202000042::e2de25250b	apply	application::general science	2020	es
event::Wes202100043::b9d54f5a6c	propose	method::model	2021	es
event::Wes202100043::b9d54f5a6c	use	data::data	2021	es
event::Wes202100043::b9d54f5a6c	support	finding::[es] learning diffusion event knowledge science neural on scientific discovery	2021	es
event::Wes202100043::b9d54f5a6c	apply	application::general science	2021	es
event::Wes202400044::d0bd6e3d0b	propose	method::model	2024	es
event::Wes202400044::d0bd6e3d0b	use	data::data	2024	es
event::Wes202400044::d0bd6e3d0b	support	finding::[es] diffusion data graph knowledge science science on scientific discovery	2024	es
event::Wes202400044::d0bd6e3d0b	apply	application::general science	2024	es
event::Wes202000045::e7b845bbee	propose	method::model	2020	es
event::Wes202000045::e7b845bbee	use	data::data	2020	es
event::Wes202000045::e7b845bbee	support	finding::[es] graph neural knowledge science data data on materials informatics	2020	es
event::Wes202000045::e7b845bbee	apply	application::materials	2020	es
event::Wes201800046::35ab25690a	propose	method::model	2018	es
event::Wes201800046::35ab25690a	use	data::data	2018	es
event::Wes201800046::35ab25690a	support	finding::[es] knowledge data neural learning diffusion model on AI for Science	2018	es
event::Wes201800046::35ab25690a	apply	application::general science	2018	es
event::Wes202100047::50a4d91033	propose	method::model	2021	es
event::Wes202100047::50a4d91033	use	data::data	2021	es
event::Wes202100047::50a4d91033	support	finding::[es] graph knowledge neural event event graph on scientific discovery	2021	es
event::Wes202100047::50a4d91033	apply	application::general science	2021	es
event::Wes202500048::43bcb4dad2	propose	method::model	2025	es
event::Wes202500048::43bcb4dad2	use	data::data	2025	es
event::Wes202500048::43bcb4dad2	support	finding::[es] science neural quantum knowledge diffusion model on materials informatics	2025	es
event::Wes202500048::43bcb4dad2	apply	application::materials	2025	es
event::Wes202100049::01ae19414c	propose	method::model	2021	es
event::Wes202100049::01ae19414c	use	data::data	2021	es
event::Wes202100049::01ae19414c	support	finding::[es] knowledge quantum neural knowledge science quantum on materials informatics	2021	es
event::Wes202100049::01ae19414c	apply	application::materials	2021	es
event::Wes201600038::d466ee2f8d	cite_diffuse	event::Wes202200025::4dd7497331	2022	es
event::Wes201600038::d466ee2f8d	improve	event::Wes202200025::4dd7497331	2022	es
event::Wzh202000037::83e442bdac	cite_diffuse	event::Wfr202500003::5649451f77	2025	fr
event::Wzh202000037::83e442bdac	improve	event::Wfr202500003::5649451f77	2025	fr
event::Wzh201900017::154d844dfc	cite_diffuse	event::Wfr202100034::7d2a5ed2d8	2021	fr
event::Wzh201900017::154d844dfc	improve	event::Wfr202100034::7d2a5ed2d8	2021	fr
event::Wen202100025::f60ba30e00	cite_diffuse	event::Wes202300000::08b181fe39	2023	es
event::Wen202100025::f60ba30e00	improve	event::Wes202300000::08b181fe39	2023	es
event::Wes201700027::eef8cd221f	cite_diffuse	event::Wen202400049::1c0be59df0	2024	en
event::Wes201700027::eef8cd221f	improve	event::Wen202400049::1c0be59df0	2024	en
event::Wes202000045::e7b845bbee	cite_diffuse	event::Wen202100008::6b29b0d419	2021	en
event::Wes202000045::e7b845bbee	improve	event::Wen202100008::6b29b0d419	2021	en
event::Wzh201900006::e90bf6032c	cite_diffuse	event::Wfr202100030::443abd18ef	2021	fr
event::Wzh201900006::e90bf6032c	improve	event::Wfr202100030::443abd18ef	2021	fr
event::Wfr202100007::a32dcd1d0a	cite_diffuse	event::Wfr202500000::006b7aa6fa	2025	fr
event::Wfr202100007::a32dcd1d0a	improve	event::Wfr202500000::006b7aa6fa	2025	fr
event::Wzh201600003::2f0602a79c	cite_diffuse	event::Wes202100047::50a4d91033	2021	es
event::Wzh201600003::2f0602a79c	improve	event::Wes202100047::50a4d91033	2021	es
event::Wes202000042::e2de25250b	cite_diffuse	event::Wzh202400033::6c6c0f8562	2024	zh
event::Wes202000042::e2de25250b	improve	event::Wzh202400033::6c6c0f8562	2024	zh
event::Wen201700030::0dbd5e4bf4	cite_diffuse	event::Wen201900039::28614db481	2019	en
event::Wen201700030::0dbd5e4bf4	improve	event::Wen201900039::28614db481	2019	en
event::Wen201900016::609dd07252	cite_diffuse	event::Wzh202100038::7a5222a4d3	2021	zh
event::Wen201900016::609dd07252	improve	event::Wzh202100038::7a5222a4d3	2021	zh
event::Wzh201600003::2f0602a79c	cite_diffuse	event::Wfr201700043::07b5a5d470	2017	fr
event::Wzh201600003::2f0602a79c	improve	event::Wfr201700043::07b5a5d470	2017	fr
event::Wes201700027::eef8cd221f	cite_diffuse	event::Wzh202400004::a5927db738	2024	zh
event::Wes201700027::eef8cd221f	improve	event::Wzh202400004::a5927db738	2024	zh
event::Wen202200033::86054e5b9b	cite_diffuse	event::Wfr202300017::d41e50f566	2023	fr
event::Wen202200033::86054e5b9b	improve	event::Wfr202300017::d41e50f566	2023	fr
event::Wen201600009::099b8f8048	cite_diffuse	event::Wes202300010::68d4195483	2023	es
event::Wen201600009::099b8f8048	improve	event::Wes202300010::68d4195483	2023	es
event::Wfr202300047::3db632c8e7	cite_diffuse	event::Wes202400005::c555438d2c	2024	es
event::Wfr202300047::3db632c8e7	improve	event::Wes202400005::c555438d2c	2024	es
event::Wzh201700007::6b3bf50fe4	cite_diffuse	event::Wen201900016::609dd07252	2019	en
event::Wzh201700007::6b3bf50fe4	improve	event::Wen201900016::609dd07252	2019	en
event::Wen201700000::ab52377bf1	cite_diffuse	event::Wes201800003::2b4a49e52e	2018	es
event::Wen201700000::ab52377bf1	improve	event::Wes201800003::2b4a49e52e	2018	es
event::Wfr201600029::bc315217d3	cite_diffuse	event::Wen201700048::7eacd46210	2017	en
event::Wfr201600029::bc315217d3	improve	event::Wen201700048::7eacd46210	2017	en
event::Wen202200024::1c47f50318	cite_diffuse	event::Wfr202500004::99e393826f	2025	fr
event::Wen202200024::1c47f50318	improve	event::Wfr202500004::99e393826f	2025	fr
event::Wen201800029::e96d71d33d	cite_diffuse	event::Wes202100001::0571dff087	2021	es
event::Wen201800029::e96d71d33d	improve	event::Wes202100001::0571dff087	2021	es
event::Wfr201700008::1398c355f8	cite_diffuse	event::Wes202000045::e7b845bbee	2020	es
event::Wfr201700008::1398c355f8	improve	event::Wes202000045::e7b845bbee	2020	es
event::Wen202000034::355a0f00f0	cite_diffuse	event::Wes202100047::50a4d91033	2021	es
event::Wen202000034::355a0f00f0	improve	event::Wes202100047::50a4d91033	2021	es
event::Wzh202000037::83e442bdac	cite_diffuse	event::Wzh202100041::94890f9cd6	2021	zh
event::Wzh202000037::83e442bdac	improve	event::Wzh202100041::94890f9cd6	2021	zh
event::Wfr202000040::a4453f0733	cite_diffuse	event::Wzh202500027::144b780cdf	2025	zh
event::Wfr202000040::a4453f0733	improve	event::Wzh202500027::144b780cdf	2025	zh
event::Wfr202100007::a32dcd1d0a	cite_diffuse	event::Wes202300004::40b866a780	2023	es
event::Wfr202100007::a32dcd1d0a	improve	event::Wes202300004::40b866a780	2023	es
event::Wfr202400032::8a384e3d89	cite_diffuse	event::Wfr202500028::7d4b9f334d	2025	fr
event::Wfr202400032::8a384e3d89	improve	event::Wfr202500028::7d4b9f334d	2025	fr
event::Wen201900003::d7f2fb3d14	cite_diffuse	event::Wes202000006::918a754ef1	2020	es
event::Wen201900003::d7f2fb3d14	improve	event::Wes202000006::918a754ef1	2020	es
event::Wen201900004::68c75d3ccb	cite_diffuse	event::Wes202000018::22c90d3444	2020	es
event::Wen201900004::68c75d3ccb	improve	event::Wes202000018::22c90d3444	2020	es
event::Wzh201700024::3437bf941d	cite_diffuse	event::Wen202200014::384297eb81	2022	en
event::Wzh201700024::3437bf941d	improve	event::Wen202200014::384297eb81	2022	en
event::Wen201700044::879088250f	cite_diffuse	event::Wfr202100007::a32dcd1d0a	2021	fr
event::Wen201700044::879088250f	improve	event::Wfr202100007::a32dcd1d0a	2021	fr
event::Wfr202300046::903ae34e3b	cite_diffuse	event::Wfr202500004::99e393826f	2025	fr
event::Wfr202300046::903ae34e3b	improve	event::Wfr202500004::99e393826f	2025	fr
event::Wes201700026::f96c50b084	cite_diffuse	event::Wes202100029::925ff60e96	2021	es
event::Wes201700026::f96c50b084	improve	event::Wes202100029::925ff60e96	2021	es
event::Wzh201700001::8de1cbec6c	cite_diffuse	event::Wzh202200048::c14ce33a51	2022	zh
event::Wzh201700001::8de1cbec6c	improve	event::Wzh202200048::c14ce33a51	2022	zh
event::Wzh201700011::f8fc9c13b4	cite_diffuse	event::Wes202000006::918a754ef1	2020	es
event::Wzh201700011::f8fc9c13b4	improve	event::Wes202000006::918a754ef1	2020	es
event::Wes201700032::b3a10b457f	cite_diffuse	event::Wzh202100016::f6fb9890b1	2021	zh
event::Wes201700032::b3a10b457f	improve	event::Wzh202100016::f6fb9890b1	2021	zh
event::Wen201800011::a511e59ec4	cite_diffuse	event::Wes202000045::e7b845bbee	2020	es
event::Wen201800011::a511e59ec4	improve	event::Wes202000045::e7b845bbee	2020	es
event::Wen202200036::f7d1d1bb66	cite_diffuse	event::Wen202400040::e8892e8cd6	2024	en
event::Wen202200036::f7d1d1bb66	improve	event::Wen202400040::e8892e8cd6	2024	en
event::Wen202000020::4fe9a2a006	cite_diffuse	event::Wen202300037::22792b25c3	2023	en
event::Wen202000020::4fe9a2a006	improve	event::Wen202300037::22792b25c3	2023	en
event::Wzh201900006::e90bf6032c	cite_diffuse	event::Wfr202100022::1655f09cc6	2021	fr
event::Wzh201900006::e90bf6032c	improve	event::Wfr202100022::1655f09cc6	2021	fr
event::Wes201700026::f96c50b084	cite_diffuse	event::Wfr202400011::afe872ab6d	2024	fr
event::Wes201700026::f96c50b084	improve	event::Wfr202400011::afe872ab6d	2024	fr
event::Wzh201900017::154d844dfc	cite_diffuse	event::Wes202100001::0571dff087	2021	es
event::Wzh201900017::154d844dfc	improve	event::Wes202100001::0571dff087	2021	es
event::Wfr201600045::546b19f52c	cite_diffuse	event::Wen201900016::609dd07252	2019	en
event::Wfr201600045::546b19f52c	improve	event::Wen201900016::609dd07252	2019	en
event::Wzh201700024::3437bf941d	cite_diffuse	event::Wen202000031::c664f6bbbf	2020	en
event::Wzh201700024::3437bf941d	improve	event::Wen202000031::c664f6bbbf	2020	en
event::Wen202200022::3f968c8a1f	cite_diffuse	event::Wzh202400033::6c6c0f8562	2024	zh
event::Wen202200022::3f968c8a1f	improve	event::Wzh202400033::6c6c0f8562	2024	zh
event::Wen201800029::e96d71d33d	cite_diffuse	event::Wes202300000::08b181fe39	2023	es
event::Wen201800029::e96d71d33d	improve	event::Wes202300000::08b181fe39	2023	es
event::Wen201900006::365d46d5db	cite_diffuse	event::Wzh202100016::f6fb9890b1	2021	zh
event::Wen201900006::365d46d5db	improve	event::Wzh202100016::f6fb9890b1	2021	zh
event::Wen201900039::28614db481	cite_diffuse	event::Wzh202200010::3423627911	2022	zh
event::Wen201900039::28614db481	improve	event::Wzh202200010::3423627911	2022	zh
event::Wzh201900005::dea7bb6955	cite_diffuse	event::Wzh202300049::39ec48540b	2023	zh
event::Wzh201900005::dea7bb6955	improve	event::Wzh202300049::39ec48540b	2023	zh
event::Wzh201700024::3437bf941d	cite_diffuse	event::Wen202500032::536256d9a0	2025	en
event::Wzh201700024::3437bf941d	improve	event::Wen202500032::536256d9a0	2025	en
event::Wes201700026::f96c50b084	cite_diffuse	event::Wfr202500003::5649451f77	2025	fr
event::Wes201700026::f96c50b084	improve	event::Wfr202500003::5649451f77	2025	fr
event::Wzh202000040::4a6f60fda8	cite_diffuse	event::Wes202300000::08b181fe39	2023	es
event::Wzh202000040::4a6f60fda8	improve	event::Wes202300000::08b181fe39	2023	es
event::Wes202000006::918a754ef1	cite_diffuse	event::Wes202500048::43bcb4dad2	2025	es
event::Wes202000006::918a754ef1	improve	event::Wes202500048::43bcb4dad2	2025	es
event::Wes201700008::7d3f2a145b	cite_diffuse	event::Wfr202500009::9a795372a3	2025	fr
event::Wes201700008::7d3f2a145b	improve	event::Wfr202500009::9a795372a3	2025	fr
event::Wen201700030::0dbd5e4bf4	cite_diffuse	event::Wzh201800012::78983a0927	2018	zh
event::Wen201700030::0dbd5e4bf4	improve	event::Wzh201800012::78983a0927	2018	zh
event::Wzh201900005::dea7bb6955	cite_diffuse	event::Wen202400045::26e2a400f4	2024	en
event::Wzh201900005::dea7bb6955	improve	event::Wen202400045::26e2a400f4	2024	en
event::Wes201800015::d09992b715	cite_diffuse	event::Wfr202100034::7d2a5ed2d8	2021	fr
event::Wes201800015::d09992b715	improve	event::Wfr202100034::7d2a5ed2d8	2021	fr
event::Wen201600009::099b8f8048	cite_diffuse	event::Wes202000018::22c90d3444	2020	es
event::Wen201600009::099b8f8048	improve	event::Wes202000018::22c90d3444	2020	es
event::Wen202200024::1c47f50318	cite_diffuse	event::Wfr202500003::5649451f77	2025	fr
event::Wen202200024::1c47f50318	improve	event::Wfr202500003::5649451f77	2025	fr
event::Wen201600012::1d0c10863e	cite_diffuse	event::Wfr202300017::d41e50f566	2023	fr
event::Wen201600012::1d0c10863e	improve	event::Wfr202300017::d41e50f566	2023	fr
event::Wzh201700011::f8fc9c13b4	cite_diffuse	event::Wen202500042::490a2db1bd	2025	en
event::Wzh201700011::f8fc9c13b4	improve	event::Wen202500042::490a2db1bd	2025	en
event::Wen202100008::6b29b0d419	cite_diffuse	event::Wes202300020::cf20844501	2023	es
event::Wen202100008::6b29b0d419	improve	event::Wes202300020::cf20844501	2023	es
event::Wzh202300008::feecbc01b6	cite_diffuse	event::Wes202500037::757312ed26	2025	es
event::Wzh202300008::feecbc01b6	improve	event::Wes202500037::757312ed26	2025	es
event::Wzh201800014::22bc7dfe18	cite_diffuse	event::Wzh202300049::39ec48540b	2023	zh
event::Wzh201800014::22bc7dfe18	improve	event::Wzh202300049::39ec48540b	2023	zh
event::Wen202000023::e2d749c2d2	cite_diffuse	event::Wzh202400036::c3f03fa8be	2024	zh
event::Wen202000023::e2d749c2d2	improve	event::Wzh202400036::c3f03fa8be	2024	zh
event::Wzh201800014::22bc7dfe18	cite_diffuse	event::Wen202300019::5bd71b7f99	2023	en
event::Wzh201800014::22bc7dfe18	improve	event::Wen202300019::5bd71b7f99	2023	en
event::Wfr201600036::8bc5e39b8c	cite_diffuse	event::Wen202200017::6a4d3e186e	2022	en
event::Wfr201600036::8bc5e39b8c	improve	event::Wen202200017::6a4d3e186e	2022	en
event::Wen201900016::609dd07252	cite_diffuse	event::Wes202300020::cf20844501	2023	es
event::Wen201900016::609dd07252	improve	event::Wes202300020::cf20844501	2023	es
event::Wzh201700011::f8fc9c13b4	cite_diffuse	event::Wen202200017::6a4d3e186e	2022	en
event::Wzh201700011::f8fc9c13b4	improve	event::Wen202200017::6a4d3e186e	2022	en
event::Wen201600009::099b8f8048	cite_diffuse	event::Wes202100029::925ff60e96	2021	es
event::Wen201600009::099b8f8048	improve	event::Wes202100029::925ff60e96	2021	es
event::Wes202000006::918a754ef1	cite_diffuse	event::Wen202200036::f7d1d1bb66	2022	en
event::Wes202000006::918a754ef1	improve	event::Wen202200036::f7d1d1bb66	2022	en
event::Wfr201700008::1398c355f8	cite_diffuse	event::Wzh202200034::9bff079029	2022	zh
event::Wfr201700008::1398c355f8	improve	event::Wzh202200034::9bff079029	2022	zh
event::Wes202000021::3249433129	cite_diffuse	event::Wfr202500000::006b7aa6fa	2025	fr
event::Wes202000021::3249433129	improve	event::Wfr202500000::006b7aa6fa	2025	fr
event::Wzh202100043::80ab5bba58	cite_diffuse	event::Wzh202500026::1010233fb8	2025	zh
event::Wzh202100043::80ab5bba58	improve	event::Wzh202500026::1010233fb8	2025	zh
event::Wfr201600044::121b25c759	cite_diffuse	event::Wfr202500028::7d4b9f334d	2025	fr
event::Wfr201600044::121b25c759	improve	event::Wfr202500028::7d4b9f334d	2025	fr
event::Wzh202100042::97e3a65519	cite_diffuse	event::Wfr202300048::19b4b3550e	2023	fr
event::Wzh202100042::97e3a65519	improve	event::Wfr202300048::19b4b3550e	2023	fr
event::Wen201900016::609dd07252	cite_diffuse	event::Wzh202500026::1010233fb8	2025	zh
event::Wen201900016::609dd07252	improve	event::Wzh202500026::1010233fb8	2025	zh
event::Wzh201600003::2f0602a79c	cite_diffuse	event::Wes202300000::08b181fe39	2023	es
event::Wzh201600003::2f0602a79c	improve	event::Wes202300000::08b181fe39	2023	es
event::Wen201800021::9c4e4b763f	cite_diffuse	event::Wzh202500030::074f836f97	2025	zh
event::Wen201800021::9c4e4b763f	improve	event::Wzh202500030::074f836f97	2025	zh
event::Wes201700008::7d3f2a145b	cite_diffuse	event::Wes202000042::e2de25250b	2020	es
event::Wes201700008::7d3f2a145b	improve	event::Wes202000042::e2de25250b	2020	es
event::Wen201600012::1d0c10863e	cite_diffuse	event::Wen201900039::28614db481	2019	en
event::Wen201600012::1d0c10863e	improve	event::Wen201900039::28614db481	2019	en
event::Wen202400040::e8892e8cd6	cite_diffuse	event::Wzh202500026::1010233fb8	2025	zh
event::Wen202400040::e8892e8cd6	improve	event::Wzh202500026::1010233fb8	2025	zh
event::Wen201800021::9c4e4b763f	cite_diffuse	event::Wfr202100007::a32dcd1d0a	2021	fr
event::Wen201800021::9c4e4b763f	improve	event::Wfr202100007::a32dcd1d0a	2021	fr
event::Wen201600012::1d0c10863e	cite_diffuse	event::Wes202400044::d0bd6e3d0b	2024	es
event::Wen201600012::1d0c10863e	improve	event::Wes202400044::d0bd6e3d0b	2024	es
event::Wzh201800014::22bc7dfe18	cite_diffuse	event::Wzh202400036::c3f03fa8be	2024	zh
event::Wzh201800014::22bc7dfe18	improve	event::Wzh202400036::c3f03fa8be	2024	zh
event::Wzh201600022::ae4f419bfa	cite_diffuse	event::Wfr202200015::b58f98ddb2	2022	fr
event::Wzh201600022::ae4f419bfa	improve	event::Wfr202200015::b58f98ddb2	2022	fr
event::Wfr202100007::a32dcd1d0a	cite_diffuse	event::Wfr202500004::99e393826f	2025	fr
event::Wfr202100007::a32dcd1d0a	improve	event::Wfr202500004::99e393826f	2025	fr
event::Wfr201600006::c662873374	cite_diffuse	event::Wen202400040::e8892e8cd6	2024	en
event::Wfr201600006::c662873374	improve	event::Wen202400040::e8892e8cd6	2024	en
event::Wes201700026::f96c50b084	cite_diffuse	event::Wen201800029::e96d71d33d	2018	en
event::Wes201700026::f96c50b084	improve	event::Wen201800029::e96d71d33d	2018	en
event::Wen201900004::68c75d3ccb	cite_diffuse	event::Wes202400009::e7b36c1bb3	2024	es
event::Wen201900004::68c75d3ccb	improve	event::Wes202400009::e7b36c1bb3	2024	es
event::Wfr201600045::546b19f52c	cite_diffuse	event::Wen201700005::d1b15202b4	2017	en
event::Wfr201600045::546b19f52c	improve	event::Wen201700005::d1b15202b4	2017	en
event::Wes202000042::e2de25250b	cite_diffuse	event::Wzh202200034::9bff079029	2022	zh
event::Wes202000042::e2de25250b	improve	event::Wzh202200034::9bff079029	2022	zh
event::Wen202200033::86054e5b9b	cite_diffuse	event::Wfr202300048::19b4b3550e	2023	fr
event::Wen202200033::86054e5b9b	improve	event::Wfr202300048::19b4b3550e	2023	fr
event::Wes201800003::2b4a49e52e	cite_diffuse	event::Wen201900006::365d46d5db	2019	en
event::Wes201800003::2b4a49e52e	improve	event::Wen201900006::365d46d5db	2019	en
event::Wes201700036::48de9f7356	cite_diffuse	event::Wfr202300039::0d595af134	2023	fr
event::Wes201700036::48de9f7356	improve	event::Wfr202300039::0d595af134	2023	fr
event::Wen201600012::1d0c10863e	cite_diffuse	event::Wfr202000040::a4453f0733	2020	fr
event::Wen201600012::1d0c10863e	improve	event::Wfr202000040::a4453f0733	2020	fr
event::Wes201600012::50d7ba79ac	cite_diffuse	event::Wzh202300028::299d59c67b	2023	zh
event::Wes201600012::50d7ba79ac	improve	event::Wzh202300028::299d59c67b	2023	zh
event::Wfr201600044::121b25c759	cite_diffuse	event::Wes202300031::c259bc83fe	2023	es
event::Wfr201600044::121b25c759	improve	event::Wes202300031::c259bc83fe	2023	es
event::Wzh202100016::f6fb9890b1	cite_diffuse	event::Wes202400039::e42c25f9c9	2024	es
event::Wzh202100016::f6fb9890b1	improve	event::Wes202400039::e42c25f9c9	2024	es
event::Wzh201800014::22bc7dfe18	cite_diffuse	event::Wes202000006::918a754ef1	2020	es
event::Wzh201800014::22bc7dfe18	improve	event::Wes202000006::918a754ef1	2020	es
event::Wzh201600003::2f0602a79c	cite_diffuse	event::Wfr202300001::88938c07fe	2023	fr
event::Wzh201600003::2f0602a79c	improve	event::Wfr202300001::88938c07fe	2023	fr
event::Wfr202100022::1655f09cc6	cite_diffuse	event::Wfr202500028::7d4b9f334d	2025	fr
event::Wfr202100022::1655f09cc6	improve	event::Wfr202500028::7d4b9f334d	2025	fr
event::Wzh202200034::9bff079029	cite_diffuse	event::Wen202400045::26e2a400f4	2024	en
event::Wzh202200034::9bff079029	improve	event::Wen202400045::26e2a400f4	2024	en
event::Wfr201700024::07e0b1d53f	cite_diffuse	event::Wen202200036::f7d1d1bb66	2022	en
event::Wfr201700024::07e0b1d53f	improve	event::Wen202200036::f7d1d1bb66	2022	en
event::Wes201900030::6aaf717279	cite_diffuse	event::Wfr202400032::8a384e3d89	2024	fr
event::Wes201900030::6aaf717279	improve	event::Wfr202400032::8a384e3d89	2024	fr
event::Wen201900016::609dd07252	cite_diffuse	event::Wes202300031::c259bc83fe	2023	es
event::Wen201900016::609dd07252	improve	event::Wes202300031::c259bc83fe	2023	es
event::Wzh201900032::5adb53b514	cite_diffuse	event::Wen202200024::1c47f50318	2022	en
event::Wzh201900032::5adb53b514	improve	event::Wen202200024::1c47f50318	2022	en
event::Wen202200017::6a4d3e186e	cite_diffuse	event::Wzh202400029::64849660c4	2024	zh
event::Wen202200017::6a4d3e186e	improve	event::Wzh202400029::64849660c4	2024	zh
event::Wen202200036::f7d1d1bb66	cite_diffuse	event::Wes202300031::c259bc83fe	2023	es
event::Wen202200036::f7d1d1bb66	improve	event::Wes202300031::c259bc83fe	2023	es
event::Wfr201700043::07b5a5d470	cite_diffuse	event::Wzh202200010::3423627911	2022	zh
event::Wfr201700043::07b5a5d470	improve	event::Wzh202200010::3423627911	2022	zh
event::Wfr201700033::e2f13d4839	cite_diffuse	event::Wen202200036::f7d1d1bb66	2022	en
event::Wfr201700033::e2f13d4839	improve	event::Wen202200036::f7d1d1bb66	2022	en
event::Wes202000021::3249433129	cite_diffuse	event::Wzh202400036::c3f03fa8be	2024	zh
event::Wes202000021::3249433129	improve	event::Wzh202400036::c3f03fa8be	2024	zh
event::Wzh202100038::7a5222a4d3	cite_diffuse	event::Wen202200036::f7d1d1bb66	2022	en
event::Wzh202100038::7a5222a4d3	improve	event::Wen202200036::f7d1d1bb66	2022	en
event::Wen202400049::1c0be59df0	cite_diffuse	event::Wzh202500030::074f836f97	2025	zh
event::Wen202400049::1c0be59df0	improve	event::Wzh202500030::074f836f97	2025	zh
event::Wfr201700033::e2f13d4839	cite_diffuse	event::Wzh202400004::a5927db738	2024	zh
event::Wfr201700033::e2f13d4839	improve	event::Wzh202400004::a5927db738	2024	zh
event::Wzh202100038::7a5222a4d3	cite_diffuse	event::Wen202200010::16a3525857	2022	en
event::Wzh202100038::7a5222a4d3	improve	event::Wen202200010::16a3525857	2022	en
event::Wes201800033::ae9c6156f2	cite_diffuse	event::Wzh202400004::a5927db738	2024	zh
event::Wes201800033::ae9c6156f2	improve	event::Wzh202400004::a5927db738	2024	zh
event::Wen201900003::d7f2fb3d14	cite_diffuse	event::Wen202400046::88e0952d3e	2024	en
event::Wen201900003::d7f2fb3d14	improve	event::Wen202400046::88e0952d3e	2024	en
event::Wen202000034::355a0f00f0	cite_diffuse	event::Wfr202300048::19b4b3550e	2023	fr
event::Wen202000034::355a0f00f0	improve	event::Wfr202300048::19b4b3550e	2023	fr
event::Wfr202100042::742befcdd2	cite_diffuse	event::Wes202300031::c259bc83fe	2023	es
event::Wfr202100042::742befcdd2	improve	event::Wes202300031::c259bc83fe	2023	es
event::Wen201600012::1d0c10863e	cite_diffuse	event::Wen202200036::f7d1d1bb66	2022	en
event::Wen201600012::1d0c10863e	improve	event::Wen202200036::f7d1d1bb66	2022	en
event::Wzh202300049::39ec48540b	cite_diffuse	event::Wfr202400037::f196b6c115	2024	fr
event::Wzh202300049::39ec48540b	improve	event::Wfr202400037::f196b6c115	2024	fr
event::Wes201800046::35ab25690a	cite_diffuse	event::Wes202400009::e7b36c1bb3	2024	es
event::Wes201800046::35ab25690a	improve	event::Wes202400009::e7b36c1bb3	2024	es
event::Wes201800003::2b4a49e52e	cite_diffuse	event::Wfr202300017::d41e50f566	2023	fr
event::Wes201800003::2b4a49e52e	improve	event::Wfr202300017::d41e50f566	2023	fr
event::Wes201700026::f96c50b084	cite_diffuse	event::Wes202300020::cf20844501	2023	es
event::Wes201700026::f96c50b084	improve	event::Wes202300020::cf20844501	2023	es
event::Wes201900030::6aaf717279	cite_diffuse	event::Wzh202200044::80324efb23	2022	zh
event::Wes201900030::6aaf717279	improve	event::Wzh202200044::80324efb23	2022	zh
event::Wes202100049::01ae19414c	cite_diffuse	event::Wzh202300045::d4837794da	2023	zh
event::Wes202100049::01ae19414c	improve	event::Wzh202300045::d4837794da	2023	zh
event::Wes201700026::f96c50b084	cite_diffuse	event::Wfr202500009::9a795372a3	2025	fr
event::Wes201700026::f96c50b084	improve	event::Wfr202500009::9a795372a3	2025	fr
event::Wzh201700035::b092ee1490	cite_diffuse	event::Wfr202200012::1ab06af5e0	2022	fr
event::Wzh201700035::b092ee1490	improve	event::Wfr202200012::1ab06af5e0	2022	fr
event::Wen201800011::a511e59ec4	cite_diffuse	event::Wen202000031::c664f6bbbf	2020	en
event::Wen201800011::a511e59ec4	improve	event::Wen202000031::c664f6bbbf	2020	en
event::Wen201700038::b8556340e9	cite_diffuse	event::Wfr201800023::13158b14c4	2018	fr
event::Wen201700038::b8556340e9	improve	event::Wfr201800023::13158b14c4	2018	fr
event::Wes201600012::50d7ba79ac	cite_diffuse	event::Wes202000042::e2de25250b	2020	es
event::Wes201600012::50d7ba79ac	improve	event::Wes202000042::e2de25250b	2020	es
event::Wfr201600006::c662873374	cite_diffuse	event::Wes202300004::40b866a780	2023	es
event::Wfr201600006::c662873374	improve	event::Wes202300004::40b866a780	2023	es
event::Wen202000031::c664f6bbbf	cite_diffuse	event::Wfr202400026::1d7a05a7d7	2024	fr
event::Wen202000031::c664f6bbbf	improve	event::Wfr202400026::1d7a05a7d7	2024	fr
event::Wen201800021::9c4e4b763f	cite_diffuse	event::Wen202200041::3c1e3d663c	2022	en
event::Wen201800021::9c4e4b763f	improve	event::Wen202200041::3c1e3d663c	2022	en
event::Wen202100025::f60ba30e00	cite_diffuse	event::Wes202200025::4dd7497331	2022	es
event::Wen202100025::f60ba30e00	improve	event::Wes202200025::4dd7497331	2022	es
event::Wzh201700001::8de1cbec6c	cite_diffuse	event::Wen202000034::355a0f00f0	2020	en
event::Wzh201700001::8de1cbec6c	improve	event::Wen202000034::355a0f00f0	2020	en
event::Wzh201700023::fa3a20704a	cite_diffuse	event::Wen202200017::6a4d3e186e	2022	en
event::Wzh201700023::fa3a20704a	improve	event::Wen202200017::6a4d3e186e	2022	en
event::Wfr202000019::e13b995348	cite_diffuse	event::Wzh202100016::f6fb9890b1	2021	zh
event::Wfr202000019::e13b995348	improve	event::Wzh202100016::f6fb9890b1	2021	zh
event::Wen201900006::365d46d5db	cite_diffuse	event::Wfr202500003::5649451f77	2025	fr
event::Wen201900006::365d46d5db	improve	event::Wfr202500003::5649451f77	2025	fr
event::Wzh201600003::2f0602a79c	cite_diffuse	event::Wzh202200002::a2b95756f4	2022	zh
event::Wzh201600003::2f0602a79c	improve	event::Wzh202200002::a2b95756f4	2022	zh
event::Wen202100026::3e5dfee500	cite_diffuse	event::Wzh202500026::1010233fb8	2025	zh
event::Wen202100026::3e5dfee500	improve	event::Wzh202500026::1010233fb8	2025	zh
event::Wen201900004::68c75d3ccb	cite_diffuse	event::Wes202300020::cf20844501	2023	es
event::Wen201900004::68c75d3ccb	improve	event::Wes202300020::cf20844501	2023	es
event::Wes202100001::0571dff087	cite_diffuse	event::Wen202200022::3f968c8a1f	2022	en
event::Wes202100001::0571dff087	improve	event::Wen202200022::3f968c8a1f	2022	en
event::Wfr202400037::f196b6c115	cite_diffuse	event::Wzh202500047::7177fb6e57	2025	zh
event::Wfr202400037::f196b6c115	improve	event::Wzh202500047::7177fb6e57	2025	zh
event::Wen201900016::609dd07252	cite_diffuse	event::Wzh202400009::4995ab2eeb	2024	zh
event::Wen201900016::609dd07252	improve	event::Wzh202400009::4995ab2eeb	2024	zh
event::Wen202100026::3e5dfee500	cite_diffuse	event::Wzh202400004::a5927db738	2024	zh
event::Wen202100026::3e5dfee500	improve	event::Wzh202400004::a5927db738	2024	zh
event::Wzh202100016::f6fb9890b1	cite_diffuse	event::Wes202300031::c259bc83fe	2023	es
event::Wzh202100016::f6fb9890b1	improve	event::Wes202300031::c259bc83fe	2023	es
event::Wes201700008::7d3f2a145b	cite_diffuse	event::Wzh202200034::9bff079029	2022	zh
event::Wes201700008::7d3f2a145b	improve	event::Wzh202200034::9bff079029	2022	zh
event::Wfr201700033::e2f13d4839	cite_diffuse	event::Wzh202500047::7177fb6e57	2025	zh
event::Wfr201700033::e2f13d4839	improve	event::Wzh202500047::7177fb6e57	2025	zh
event::Wzh202200048::c14ce33a51	cite_diffuse	event::Wzh202400036::c3f03fa8be	2024	zh
event::Wzh202200048::c14ce33a51	improve	event::Wzh202400036::c3f03fa8be	2024	zh
event::Wfr202100042::742befcdd2	cite_diffuse	event::Wen202400001::cc648eced5	2024	en
event::Wfr202100042::742befcdd2	improve	event::Wen202400001::cc648eced5	2024	en
event::Wes201900022::b97ac4f4d3	cite_diffuse	event::Wzh202100041::94890f9cd6	2021	zh
event::Wes201900022::b97ac4f4d3	improve	event::Wzh202100041::94890f9cd6	2021	zh
event::Wfr201700014::2cb78fffe5	cite_diffuse	event::Wes201900022::b97ac4f4d3	2019	es
event::Wfr201700014::2cb78fffe5	improve	event::Wes201900022::b97ac4f4d3	2019	es
event::Wzh202000040::4a6f60fda8	cite_diffuse	event::Wen202300037::22792b25c3	2023	en
event::Wzh202000040::4a6f60fda8	improve	event::Wen202300037::22792b25c3	2023	en
event::Wes201800033::ae9c6156f2	cite_diffuse	event::Wes202100040::2a40c618e4	2021	es
event::Wes201800033::ae9c6156f2	improve	event::Wes202100040::2a40c618e4	2021	es
event::Wen202100008::6b29b0d419	cite_diffuse	event::Wfr202300047::3db632c8e7	2023	fr
event::Wen202100008::6b29b0d419	improve	event::Wfr202300047::3db632c8e7	2023	fr
event::Wzh201900032::5adb53b514	cite_diffuse	event::Wfr202300039::0d595af134	2023	fr
event::Wzh201900032::5adb53b514	improve	event::Wfr202300039::0d595af134	2023	fr
event::Wzh201800012::78983a0927	cite_diffuse	event::Wes201900022::b97ac4f4d3	2019	es
event::Wzh201800012::78983a0927	improve	event::Wes201900022::b97ac4f4d3	2019	es
event::Wes202400039::e42c25f9c9	cite_diffuse	event::Wfr202500009::9a795372a3	2025	fr
event::Wes202400039::e42c25f9c9	improve	event::Wfr202500009::9a795372a3	2025	fr
event::Wes202000045::e7b845bbee	cite_diffuse	event::Wzh202500027::144b780cdf	2025	zh
event::Wes202000045::e7b845bbee	improve	event::Wzh202500027::144b780cdf	2025	zh
event::Wzh202100043::80ab5bba58	cite_diffuse	event::Wen202200024::1c47f50318	2022	en
event::Wzh202100043::80ab5bba58	improve	event::Wen202200024::1c47f50318	2022	en
event::Wfr201700014::2cb78fffe5	cite_diffuse	event::Wzh202200048::c14ce33a51	2022	zh
event::Wfr201700014::2cb78fffe5	improve	event::Wzh202200048::c14ce33a51	2022	zh
event::Wen201800029::e96d71d33d	cite_diffuse	event::Wzh202400029::64849660c4	2024	zh
event::Wen201800029::e96d71d33d	improve	event::Wzh202400029::64849660c4	2024	zh
event::Wzh201800012::78983a0927	cite_diffuse	event::Wes202100047::50a4d91033	2021	es
event::Wzh201800012::78983a0927	improve	event::Wes202100047::50a4d91033	2021	es
event::Wzh202300049::39ec48540b	cite_diffuse	event::Wen202400027::5848fb9497	2024	en
event::Wzh202300049::39ec48540b	improve	event::Wen202400027::5848fb9497	2024	en
event::Wfr201700031::82f345b812	cite_diffuse	event::Wzh202400036::c3f03fa8be	2024	zh
event::Wfr201700031::82f345b812	improve	event::Wzh202400036::c3f03fa8be	2024	zh
event::Wzh202300031::1e51789938	cite_diffuse	event::Wfr202500003::5649451f77	2025	fr
event::Wzh202300031::1e51789938	improve	event::Wfr202500003::5649451f77	2025	fr
event::Wes202000014::83450f19aa	cite_diffuse	event::Wzh202400033::6c6c0f8562	2024	zh
event::Wes202000014::83450f19aa	improve	event::Wzh202400033::6c6c0f8562	2024	zh
event::Wzh201600003::2f0602a79c	cite_diffuse	event::Wzh202200010::3423627911	2022	zh
event::Wzh201600003::2f0602a79c	improve	event::Wzh202200010::3423627911	2022	zh
event::Wen201700005::d1b15202b4	cite_diffuse	event::Wfr202500028::7d4b9f334d	2025	fr
event::Wen201700005::d1b15202b4	improve	event::Wfr202500028::7d4b9f334d	2025	fr
event::Wfr202200025::eb3ee1dfe1	cite_diffuse	event::Wfr202300039::0d595af134	2023	fr
event::Wfr202200025::eb3ee1dfe1	improve	event::Wfr202300039::0d595af134	2023	fr
event::Wzh201900032::5adb53b514	cite_diffuse	event::Wes202100013::56bb20f286	2021	es
event::Wzh201900032::5adb53b514	improve	event::Wes202100013::56bb20f286	2021	es
event::Wzh202100016::f6fb9890b1	cite_diffuse	event::Wen202200024::1c47f50318	2022	en
event::Wzh202100016::f6fb9890b1	improve	event::Wen202200024::1c47f50318	2022	en
event::Wfr202100022::1655f09cc6	cite_diffuse	event::Wfr202300046::903ae34e3b	2023	fr
event::Wfr202100022::1655f09cc6	improve	event::Wfr202300046::903ae34e3b	2023	fr
event::Wes202000006::918a754ef1	cite_diffuse	event::Wes202300000::08b181fe39	2023	es
event::Wes202000006::918a754ef1	improve	event::Wes202300000::08b181fe39	2023	es
event::Wes202000021::3249433129	cite_diffuse	event::Wes202200025::4dd7497331	2022	es
event::Wes202000021::3249433129	improve	event::Wes202200025::4dd7497331	2022	es
event::Wes201800015::d09992b715	cite_diffuse	event::Wes202300020::cf20844501	2023	es
event::Wes201800015::d09992b715	improve	event::Wes202300020::cf20844501	2023	es
event::Wzh202100016::f6fb9890b1	cite_diffuse	event::Wen202200022::3f968c8a1f	2022	en
event::Wzh202100016::f6fb9890b1	improve	event::Wen202200022::3f968c8a1f	2022	en
event::Wes202000042::e2de25250b	cite_diffuse	event::Wes202300020::cf20844501	2023	es
event::Wes202000042::e2de25250b	improve	event::Wes202300020::cf20844501	2023	es
event::Wzh201900032::5adb53b514	cite_diffuse	event::Wfr202400037::f196b6c115	2024	fr
event::Wzh201900032::5adb53b514	improve	event::Wfr202400037::f196b6c115	2024	fr
event::Wfr201700024::07e0b1d53f	cite_diffuse	event::Wzh202400036::c3f03fa8be	2024	zh
event::Wfr201700024::07e0b1d53f	improve	event::Wzh202400036::c3f03fa8be	2024	zh
event::Wfr201900041::6169467a78	cite_diffuse	event::Wfr202400026::1d7a05a7d7	2024	fr
event::Wfr201900041::6169467a78	improve	event::Wfr202400026::1d7a05a7d7	2024	fr
event::Wen202100008::6b29b0d419	cite_diffuse	event::Wes202500037::757312ed26	2025	es
event::Wen202100008::6b29b0d419	improve	event::Wes202500037::757312ed26	2025	es
event::Wes201800002::08b861eb7c	cite_diffuse	event::Wes202000042::e2de25250b	2020	es
event::Wes201800002::08b861eb7c	improve	event::Wes202000042::e2de25250b	2020	es
event::Wes202000006::918a754ef1	cite_diffuse	event::Wfr202100022::1655f09cc6	2021	fr
event::Wes202000006::918a754ef1	improve	event::Wfr202100022::1655f09cc6	2021	fr
event::Wen202400043::ec8f8bec8a	cite_diffuse	event::Wzh202500047::7177fb6e57	2025	zh
event::Wen202400043::ec8f8bec8a	improve	event::Wzh202500047::7177fb6e57	2025	zh
event::Wfr201600045::546b19f52c	cite_diffuse	event::Wen201800011::a511e59ec4	2018	en
event::Wfr201600045::546b19f52c	improve	event::Wen201800011::a511e59ec4	2018	en
event::Wes202300020::cf20844501	cite_diffuse	event::Wfr202500003::5649451f77	2025	fr
event::Wes202300020::cf20844501	improve	event::Wfr202500003::5649451f77	2025	fr
event::Wfr202100007::a32dcd1d0a	cite_diffuse	event::Wes202500048::43bcb4dad2	2025	es
event::Wfr202100007::a32dcd1d0a	improve	event::Wes202500048::43bcb4dad2	2025	es
event::Wzh202300046::b4084aade4	cite_diffuse	event::Wen202500042::490a2db1bd	2025	en
event::Wzh202300046::b4084aade4	improve	event::Wen202500042::490a2db1bd	2025	en
event::Wzh201700023::fa3a20704a	cite_diffuse	event::Wzh202200013::dc8e861e0c	2022	zh
event::Wzh201700023::fa3a20704a	improve	event::Wzh202200013::dc8e861e0c	2022	zh
event::Wfr202200005::4c5cef72d6	cite_diffuse	event::Wes202300004::40b866a780	2023	es
event::Wfr202200005::4c5cef72d6	improve	event::Wes202300004::40b866a780	2023	es
event::Wen202000031::c664f6bbbf	cite_diffuse	event::Wzh202300031::1e51789938	2023	zh
event::Wen202000031::c664f6bbbf	improve	event::Wzh202300031::1e51789938	2023	zh
event::Wfr201600045::546b19f52c	cite_diffuse	event::Wzh202500047::7177fb6e57	2025	zh
event::Wfr201600045::546b19f52c	improve	event::Wzh202500047::7177fb6e57	2025	zh
event::Wen202400045::26e2a400f4	cite_diffuse	event::Wes202500048::43bcb4dad2	2025	es
event::Wen202400045::26e2a400f4	improve	event::Wes202500048::43bcb4dad2	2025	es
event::Wzh202300045::d4837794da	cite_diffuse	event::Wzh202400036::c3f03fa8be	2024	zh
event::Wzh202300045::d4837794da	improve	event::Wzh202400036::c3f03fa8be	2024	zh
event::Wen201600009::099b8f8048	cite_diffuse	event::Wfr202500004::99e393826f	2025	fr
event::Wen201600009::099b8f8048	improve	event::Wfr202500004::99e393826f	2025	fr
event::Wen201600012::1d0c10863e	cite_diffuse	event::Wzh202100041::94890f9cd6	2021	zh
event::Wen201600012::1d0c10863e	improve	event::Wzh202100041::94890f9cd6	2021	zh
event::Wfr201600029::bc315217d3	cite_diffuse	event::Wzh201900019::dd79986070	2019	zh
event::Wfr201600029::bc315217d3	improve	event::Wzh201900019::dd79986070	2019	zh
event::Wen201700044::879088250f	cite_diffuse	event::Wfr202500000::006b7aa6fa	2025	fr
event::Wen201700044::879088250f	improve	event::Wfr202500000::006b7aa6fa	2025	fr
event::Wzh201800012::78983a0927	cite_diffuse	event::Wfr202100034::7d2a5ed2d8	2021	fr
event::Wzh201800012::78983a0927	improve	event::Wfr202100034::7d2a5ed2d8	2021	fr
event::Wzh202100043::80ab5bba58	cite_diffuse	event::Wfr202500003::5649451f77	2025	fr
event::Wzh202100043::80ab5bba58	improve	event::Wfr202500003::5649451f77	2025	fr
event::Wzh202100038::7a5222a4d3	cite_diffuse	event::Wzh202500026::1010233fb8	2025	zh
event::Wzh202100038::7a5222a4d3	improve	event::Wzh202500026::1010233fb8	2025	zh
event::Wes201700027::eef8cd221f	cite_diffuse	event::Wzh202100016::f6fb9890b1	2021	zh
event::Wes201700027::eef8cd221f	improve	event::Wzh202100016::f6fb9890b1	2021	zh
event::Wen201700030::0dbd5e4bf4	cite_diffuse	event::Wen202200022::3f968c8a1f	2022	en
event::Wen201700030::0dbd5e4bf4	improve	event::Wen202200022::3f968c8a1f	2022	en
event::Wzh202100016::f6fb9890b1	cite_diffuse	event::Wen202200041::3c1e3d663c	2022	en
event::Wzh202100016::f6fb9890b1	improve	event::Wen202200041::3c1e3d663c	2022	en
event::Wzh202100043::80ab5bba58	cite_diffuse	event::Wzh202200044::80324efb23	2022	zh
event::Wzh202100043::80ab5bba58	improve	event::Wzh202200044::80324efb23	2022	zh
event::Wes202000045::e7b845bbee	cite_diffuse	event::Wzh202300025::3411f6f669	2023	zh
event::Wes202000045::e7b845bbee	improve	event::Wzh202300025::3411f6f669	2023	zh
event::Wen201700044::879088250f	cite_diffuse	event::Wen202500032::536256d9a0	2025	en
event::Wen201700044::879088250f	improve	event::Wen202500032::536256d9a0	2025	en
event::Wzh201700023::fa3a20704a	cite_diffuse	event::Wen202200033::86054e5b9b	2022	en
event::Wzh201700023::fa3a20704a	improve	event::Wen202200033::86054e5b9b	2022	en
event::Wzh202100043::80ab5bba58	cite_diffuse	event::Wzh202300031::1e51789938	2023	zh
event::Wzh202100043::80ab5bba58	improve	event::Wzh202300031::1e51789938	2023	zh
event::Wes201700008::7d3f2a145b	cite_diffuse	event::Wfr202100030::443abd18ef	2021	fr
event::Wes201700008::7d3f2a145b	improve	event::Wfr202100030::443abd18ef	2021	fr
event::Wfr201700008::1398c355f8	cite_diffuse	event::Wzh202400004::a5927db738	2024	zh
event::Wfr201700008::1398c355f8	improve	event::Wzh202400004::a5927db738	2024	zh
event::Wen201700030::0dbd5e4bf4	cite_diffuse	event::Wfr202500009::9a795372a3	2025	fr
event::Wen201700030::0dbd5e4bf4	improve	event::Wfr202500009::9a795372a3	2025	fr
event::Wen202100025::f60ba30e00	cite_diffuse	event::Wen202200010::16a3525857	2022	en
event::Wen202100025::f60ba30e00	improve	event::Wen202200010::16a3525857	2022	en
event::Wes201700023::d084cf0ec7	cite_diffuse	event::Wzh201900018::96b4ef5013	2019	zh
event::Wes201700023::d084cf0ec7	improve	event::Wzh201900018::96b4ef5013	2019	zh
event::Wfr201600010::b3f42c6db2	cite_diffuse	event::Wzh201700023::fa3a20704a	2017	zh
event::Wfr201600010::b3f42c6db2	improve	event::Wzh201700023::fa3a20704a	2017	zh
event::Wes201700032::b3a10b457f	cite_diffuse	event::Wfr202300047::3db632c8e7	2023	fr
event::Wes201700032::b3a10b457f	improve	event::Wfr202300047::3db632c8e7	2023	fr
event::Wzh202300049::39ec48540b	cite_diffuse	event::Wfr202500028::7d4b9f334d	2025	fr
event::Wzh202300049::39ec48540b	improve	event::Wfr202500028::7d4b9f334d	2025	fr
event::Wes202100016::08d3d09fd0	cite_diffuse	event::Wes202400007::0034c4ac94	2024	es
event::Wes202100016::08d3d09fd0	improve	event::Wes202400007::0034c4ac94	2024	es
event::Wzh201900000::c8afb02ae2	cite_diffuse	event::Wzh202100016::f6fb9890b1	2021	zh
event::Wzh201900000::c8afb02ae2	improve	event::Wzh202100016::f6fb9890b1	2021	zh
event::Wfr202300021::d3d30334eb	cite_diffuse	event::Wfr202400026::1d7a05a7d7	2024	fr
event::Wfr202300021::d3d30334eb	improve	event::Wfr202400026::1d7a05a7d7	2024	fr
event::Wen201700005::d1b15202b4	cite_diffuse	event::Wfr202300001::88938c07fe	2023	fr
event::Wen201700005::d1b15202b4	improve	event::Wfr202300001::88938c07fe	2023	fr
event::Wfr201700024::07e0b1d53f	cite_diffuse	event::Wen202100025::f60ba30e00	2021	en
event::Wfr201700024::07e0b1d53f	improve	event::Wen202100025::f60ba30e00	2021	en
event::Wen202000020::4fe9a2a006	cite_diffuse	event::Wfr202100030::443abd18ef	2021	fr
event::Wen202000020::4fe9a2a006	improve	event::Wfr202100030::443abd18ef	2021	fr
event::Wes202400039::e42c25f9c9	cite_diffuse	event::Wzh202500026::1010233fb8	2025	zh
event::Wes202400039::e42c25f9c9	improve	event::Wzh202500026::1010233fb8	2025	zh
event::Wfr201600036::8bc5e39b8c	cite_diffuse	event::Wzh202300031::1e51789938	2023	zh
event::Wfr201600036::8bc5e39b8c	improve	event::Wzh202300031::1e51789938	2023	zh
event::Wzh202300008::feecbc01b6	cite_diffuse	event::Wen202400046::88e0952d3e	2024	en
event::Wzh202300008::feecbc01b6	improve	event::Wen202400046::88e0952d3e	2024	en
event::Wzh202100043::80ab5bba58	cite_diffuse	event::Wes202400009::e7b36c1bb3	2024	es
event::Wzh202100043::80ab5bba58	improve	event::Wes202400009::e7b36c1bb3	2024	es
event::Wzh201900015::37584f27c3	cite_diffuse	event::Wzh202500027::144b780cdf	2025	zh
event::Wzh201900015::37584f27c3	improve	event::Wzh202500027::144b780cdf	2025	zh
event::Wen202200014::384297eb81	cite_diffuse	event::Wes202500037::757312ed26	2025	es
event::Wen202200014::384297eb81	improve	event::Wes202500037::757312ed26	2025	es
event::Wfr201700014::2cb78fffe5	cite_diffuse	event::Wfr201800023::13158b14c4	2018	fr
event::Wfr201700014::2cb78fffe5	improve	event::Wfr201800023::13158b14c4	2018	fr
event::Wen202100025::f60ba30e00	cite_diffuse	event::Wfr202500004::99e393826f	2025	fr
event::Wen202100025::f60ba30e00	improve	event::Wfr202500004::99e393826f	2025	fr
event::Wzh202000021::02ced58b57	cite_diffuse	event::Wzh202400029::64849660c4	2024	zh
event::Wzh202000021::02ced58b57	improve	event::Wzh202400029::64849660c4	2024	zh
event::Wfr201700049::6be551d081	cite_diffuse	event::Wfr202400011::afe872ab6d	2024	fr
event::Wfr201700049::6be551d081	improve	event::Wfr202400011::afe872ab6d	2024	fr
event::Wfr201600036::8bc5e39b8c	cite_diffuse	event::Wes202400007::0034c4ac94	2024	es
event::Wfr201600036::8bc5e39b8c	improve	event::Wes202400007::0034c4ac94	2024	es
event::Wfr201600044::121b25c759	cite_diffuse	event::Wzh202300028::299d59c67b	2023	zh
event::Wfr201600044::121b25c759	improve	event::Wzh202300028::299d59c67b	2023	zh
event::Wes201900022::b97ac4f4d3	cite_diffuse	event::Wen202000023::e2d749c2d2	2020	en
event::Wes201900022::b97ac4f4d3	improve	event::Wen202000023::e2d749c2d2	2020	en
event::Wfr201600029::bc315217d3	cite_diffuse	event::Wfr201800023::13158b14c4	2018	fr
event::Wfr201600029::bc315217d3	improve	event::Wfr201800023::13158b14c4	2018	fr
event::Wen201700013::41e8c285bd	cite_diffuse	event::Wes202100013::56bb20f286	2021	es
event::Wen201700013::41e8c285bd	improve	event::Wes202100013::56bb20f286	2021	es
event::Wfr202100030::443abd18ef	cite_diffuse	event::Wes202200025::4dd7497331	2022	es
event::Wfr202100030::443abd18ef	improve	event::Wes202200025::4dd7497331	2022	es
event::Wen201800029::e96d71d33d	cite_diffuse	event::Wen201900003::d7f2fb3d14	2019	en
event::Wen201800029::e96d71d33d	improve	event::Wen201900003::d7f2fb3d14	2019	en
event::Wzh201900032::5adb53b514	cite_diffuse	event::Wen202100026::3e5dfee500	2021	en
event::Wzh201900032::5adb53b514	improve	event::Wen202100026::3e5dfee500	2021	en
event::Wfr202400011::afe872ab6d	cite_diffuse	event::Wes202500011::3d78545cef	2025	es
event::Wfr202400011::afe872ab6d	improve	event::Wes202500011::3d78545cef	2025	es
event::Wzh201700001::8de1cbec6c	cite_diffuse	event::Wes202000042::e2de25250b	2020	es
event::Wzh201700001::8de1cbec6c	improve	event::Wes202000042::e2de25250b	2020	es
event::Wes202200025::4dd7497331	cite_diffuse	event::Wes202500037::757312ed26	2025	es
event::Wes202200025::4dd7497331	improve	event::Wes202500037::757312ed26	2025	es
event::Wfr201700033::e2f13d4839	cite_diffuse	event::Wen202500032::536256d9a0	2025	en
event::Wfr201700033::e2f13d4839	improve	event::Wen202500032::536256d9a0	2025	en
event::Wen202300037::22792b25c3	cite_diffuse	event::Wen202500018::d2c018fced	2025	en
event::Wen202300037::22792b25c3	improve	event::Wen202500018::d2c018fced	2025	en
event::Wen201700000::ab52377bf1	cite_diffuse	event::Wen202000020::4fe9a2a006	2020	en
event::Wen201700000::ab52377bf1	improve	event::Wen202000020::4fe9a2a006	2020	en
event::Wfr201600045::546b19f52c	cite_diffuse	event::Wzh202500030::074f836f97	2025	zh
event::Wfr201600045::546b19f52c	improve	event::Wzh202500030::074f836f97	2025	zh
event::Wfr202100030::443abd18ef	cite_diffuse	event::Wes202500028::24ec60f812	2025	es
event::Wfr202100030::443abd18ef	improve	event::Wes202500028::24ec60f812	2025	es
event::Wfr201600020::e57572a607	cite_diffuse	event::Wfr202300021::d3d30334eb	2023	fr
event::Wfr201600020::e57572a607	improve	event::Wfr202300021::d3d30334eb	2023	fr
event::Wen202000002::7aa5fbe180	cite_diffuse	event::Wes202100013::56bb20f286	2021	es
event::Wen202000002::7aa5fbe180	improve	event::Wes202100013::56bb20f286	2021	es
event::Wen202000023::e2d749c2d2	cite_diffuse	event::Wen202200010::16a3525857	2022	en
event::Wen202000023::e2d749c2d2	improve	event::Wen202200010::16a3525857	2022	en
event::Wfr201700049::6be551d081	cite_diffuse	event::Wzh202300028::299d59c67b	2023	zh
event::Wfr201700049::6be551d081	improve	event::Wzh202300028::299d59c67b	2023	zh
event::Wfr202100022::1655f09cc6	cite_diffuse	event::Wzh202500047::7177fb6e57	2025	zh
event::Wfr202100022::1655f09cc6	improve	event::Wzh202500047::7177fb6e57	2025	zh
event::Wfr201700014::2cb78fffe5	cite_diffuse	event::Wen201900039::28614db481	2019	en
event::Wfr201700014::2cb78fffe5	improve	event::Wen201900039::28614db481	2019	en
event::Wzh201800014::22bc7dfe18	cite_diffuse	event::Wfr202300048::19b4b3550e	2023	fr
event::Wzh201800014::22bc7dfe18	improve	event::Wfr202300048::19b4b3550e	2023	fr
event::Wes201700026::f96c50b084	cite_diffuse	event::Wzh201900015::37584f27c3	2019	zh
event::Wes201700026::f96c50b084	improve	event::Wzh201900015::37584f27c3	2019	zh
event::Wes202100016::08d3d09fd0	cite_diffuse	event::Wfr202400026::1d7a05a7d7	2024	fr
event::Wes202100016::08d3d09fd0	improve	event::Wfr202400026::1d7a05a7d7	2024	fr
event::Wzh201700007::6b3bf50fe4	cite_diffuse	event::Wes202000034::0f80da75e3	2020	es
event::Wzh201700007::6b3bf50fe4	improve	event::Wes202000034::0f80da75e3	2020	es
event::Wes201600038::d466ee2f8d	cite_diffuse	event::Wfr201700033::e2f13d4839	2017	fr
event::Wes201600038::d466ee2f8d	improve	event::Wfr201700033::e2f13d4839	2017	fr
event::Wen201600009::099b8f8048	cite_diffuse	event::Wzh202200034::9bff079029	2022	zh
event::Wen201600009::099b8f8048	improve	event::Wzh202200034::9bff079029	2022	zh
event::Wen201700035::0d07d5171d	cite_diffuse	event::Wes202100029::925ff60e96	2021	es
event::Wen201700035::0d07d5171d	improve	event::Wes202100029::925ff60e96	2021	es
event::Wzh202100042::97e3a65519	cite_diffuse	event::Wfr202300047::3db632c8e7	2023	fr
event::Wzh202100042::97e3a65519	improve	event::Wfr202300047::3db632c8e7	2023	fr
event::Wen201700044::879088250f	cite_diffuse	event::Wen202000047::1035b20733	2020	en
event::Wen201700044::879088250f	improve	event::Wen202000047::1035b20733	2020	en
event::Wfr202100035::c5a68198d1	cite_diffuse	event::Wzh202300008::feecbc01b6	2023	zh
event::Wfr202100035::c5a68198d1	improve	event::Wzh202300008::feecbc01b6	2023	zh
event::Wfr201800023::13158b14c4	cite_diffuse	event::Wfr202200015::b58f98ddb2	2022	fr
event::Wfr201800023::13158b14c4	improve	event::Wfr202200015::b58f98ddb2	2022	fr
event::Wzh202100043::80ab5bba58	cite_diffuse	event::Wes202200024::c3c25c46c4	2022	es
event::Wzh202100043::80ab5bba58	improve	event::Wes202200024::c3c25c46c4	2022	es
event::Wzh201900032::5adb53b514	cite_diffuse	event::Wes202400009::e7b36c1bb3	2024	es
event::Wzh201900032::5adb53b514	improve	event::Wes202400009::e7b36c1bb3	2024	es
event::Wfr201600006::c662873374	cite_diffuse	event::Wen202100026::3e5dfee500	2021	en
event::Wfr201600006::c662873374	improve	event::Wen202100026::3e5dfee500	2021	en
event::Wen202200022::3f968c8a1f	cite_diffuse	event::Wfr202400037::f196b6c115	2024	fr
event::Wen202200022::3f968c8a1f	improve	event::Wfr202400037::f196b6c115	2024	fr
event::Wen201600012::1d0c10863e	cite_diffuse	event::Wzh202200044::80324efb23	2022	zh
event::Wen201600012::1d0c10863e	improve	event::Wzh202200044::80324efb23	2022	zh
event::Wzh201700007::6b3bf50fe4	cite_diffuse	event::Wzh202100041::94890f9cd6	2021	zh
event::Wzh201700007::6b3bf50fe4	improve	event::Wzh202100041::94890f9cd6	2021	zh
event::Wen201900003::d7f2fb3d14	cite_diffuse	event::Wzh202100038::7a5222a4d3	2021	zh
event::Wen201900003::d7f2fb3d14	improve	event::Wzh202100038::7a5222a4d3	2021	zh
event::Wes201600038::d466ee2f8d	cite_diffuse	event::Wfr201800023::13158b14c4	2018	fr
event::Wes201600038::d466ee2f8d	improve	event::Wfr201800023::13158b14c4	2018	fr
event::Wen202200041::3c1e3d663c	cite_diffuse	event::Wzh202300046::b4084aade4	2023	zh
event::Wen202200041::3c1e3d663c	improve	event::Wzh202300046::b4084aade4	2023	zh
event::Wzh202000037::83e442bdac	cite_diffuse	event::Wfr202100034::7d2a5ed2d8	2021	fr
event::Wzh202000037::83e442bdac	improve	event::Wfr202100034::7d2a5ed2d8	2021	fr
event::Wzh201600022::ae4f419bfa	cite_diffuse	event::Wfr202500000::006b7aa6fa	2025	fr
event::Wzh201600022::ae4f419bfa	improve	event::Wfr202500000::006b7aa6fa	2025	fr
event::Wes202100047::50a4d91033	cite_diffuse	event::Wen202500018::d2c018fced	2025	en
event::Wes202100047::50a4d91033	improve	event::Wen202500018::d2c018fced	2025	en
event::Wen201600012::1d0c10863e	cite_diffuse	event::Wen201900003::d7f2fb3d14	2019	en
event::Wen201600012::1d0c10863e	improve	event::Wen201900003::d7f2fb3d14	2019	en
event::Wen201700013::41e8c285bd	cite_diffuse	event::Wfr202100030::443abd18ef	2021	fr
event::Wen201700013::41e8c285bd	improve	event::Wfr202100030::443abd18ef	2021	fr
event::Wfr202100007::a32dcd1d0a	cite_diffuse	event::Wen202400007::29d980c842	2024	en
event::Wfr202100007::a32dcd1d0a	improve	event::Wen202400007::29d980c842	2024	en
event::Wen201600015::938f5eb1ee	cite_diffuse	event::Wzh202000037::83e442bdac	2020	zh
event::Wen201600015::938f5eb1ee	improve	event::Wzh202000037::83e442bdac	2020	zh
event::Wes201600012::50d7ba79ac	cite_diffuse	event::Wes202300020::cf20844501	2023	es
event::Wes201600012::50d7ba79ac	improve	event::Wes202300020::cf20844501	2023	es
event::Wen201700035::0d07d5171d	cite_diffuse	event::Wen201900003::d7f2fb3d14	2019	en
event::Wen201700035::0d07d5171d	improve	event::Wen201900003::d7f2fb3d14	2019	en
event::Wzh202000037::83e442bdac	cite_diffuse	event::Wzh202300046::b4084aade4	2023	zh
event::Wzh202000037::83e442bdac	improve	event::Wzh202300046::b4084aade4	2023	zh
event::Wen201900039::28614db481	cite_diffuse	event::Wen202400049::1c0be59df0	2024	en
event::Wen201900039::28614db481	improve	event::Wen202400049::1c0be59df0	2024	en
event::Wfr201800023::13158b14c4	cite_diffuse	event::Wes202400017::de75d38877	2024	es
event::Wfr201800023::13158b14c4	improve	event::Wes202400017::de75d38877	2024	es
event::Wen201800011::a511e59ec4	cite_diffuse	event::Wen202200022::3f968c8a1f	2022	en
event::Wen201800011::a511e59ec4	improve	event::Wen202200022::3f968c8a1f	2022	en
event::Wfr201700014::2cb78fffe5	cite_diffuse	event::Wes202400044::d0bd6e3d0b	2024	es
event::Wfr201700014::2cb78fffe5	improve	event::Wes202400044::d0bd6e3d0b	2024	es
event::Wes201900030::6aaf717279	cite_diffuse	event::Wzh202100042::97e3a65519	2021	zh
event::Wes201900030::6aaf717279	improve	event::Wzh202100042::97e3a65519	2021	zh
event::Wes201600012::50d7ba79ac	cite_diffuse	event::Wfr201700024::07e0b1d53f	2017	fr
event::Wes201600012::50d7ba79ac	improve	event::Wfr201700024::07e0b1d53f	2017	fr
event::Wen202000031::c664f6bbbf	cite_diffuse	event::Wzh202200002::a2b95756f4	2022	zh
event::Wen202000031::c664f6bbbf	improve	event::Wzh202200002::a2b95756f4	2022	zh
event::Wen201800029::e96d71d33d	cite_diffuse	event::Wfr202500028::7d4b9f334d	2025	fr
event::Wen201800029::e96d71d33d	improve	event::Wfr202500028::7d4b9f334d	2025	fr
event::Wfr202200025::eb3ee1dfe1	cite_diffuse	event::Wzh202400036::c3f03fa8be	2024	zh
event::Wfr202200025::eb3ee1dfe1	improve	event::Wzh202400036::c3f03fa8be	2024	zh
event::Wfr201600006::c662873374	cite_diffuse	event::Wes202200025::4dd7497331	2022	es
event::Wfr201600006::c662873374	improve	event::Wes202200025::4dd7497331	2022	es
event::Wes202100029::925ff60e96	cite_diffuse	event::Wes202400044::d0bd6e3d0b	2024	es
event::Wes202100029::925ff60e96	improve	event::Wes202400044::d0bd6e3d0b	2024	es
event::Wen201600009::099b8f8048	cite_diffuse	event::Wes201700008::7d3f2a145b	2017	es
event::Wen201600009::099b8f8048	improve	event::Wes201700008::7d3f2a145b	2017	es
event::Wzh202300031::1e51789938	cite_diffuse	event::Wfr202400011::afe872ab6d	2024	fr
event::Wzh202300031::1e51789938	improve	event::Wfr202400011::afe872ab6d	2024	fr
event::Wfr202200012::1ab06af5e0	cite_diffuse	event::Wfr202300046::903ae34e3b	2023	fr
event::Wfr202200012::1ab06af5e0	improve	event::Wfr202300046::903ae34e3b	2023	fr
event::Wes201800015::d09992b715	cite_diffuse	event::Wzh202400009::4995ab2eeb	2024	zh
event::Wes201800015::d09992b715	improve	event::Wzh202400009::4995ab2eeb	2024	zh
event::Wen201700013::41e8c285bd	cite_diffuse	event::Wes202300020::cf20844501	2023	es
event::Wen201700013::41e8c285bd	improve	event::Wes202300020::cf20844501	2023	es
event::Wzh201900018::96b4ef5013	cite_diffuse	event::Wfr202500009::9a795372a3	2025	fr
event::Wzh201900018::96b4ef5013	improve	event::Wfr202500009::9a795372a3	2025	fr
event::Wes202100029::925ff60e96	cite_diffuse	event::Wes202200025::4dd7497331	2022	es
event::Wes202100029::925ff60e96	improve	event::Wes202200025::4dd7497331	2022	es
event::Wfr202000019::e13b995348	cite_diffuse	event::Wzh202500027::144b780cdf	2025	zh
event::Wfr202000019::e13b995348	improve	event::Wzh202500027::144b780cdf	2025	zh
event::Wes202300010::68d4195483	cite_diffuse	event::Wes202500028::24ec60f812	2025	es
event::Wes202300010::68d4195483	improve	event::Wes202500028::24ec60f812	2025	es
event::Wen201600009::099b8f8048	cite_diffuse	event::Wfr202000013::2869ae5ed1	2020	fr
event::Wen201600009::099b8f8048	improve	event::Wfr202000013::2869ae5ed1	2020	fr
event::Wen201800029::e96d71d33d	cite_diffuse	event::Wzh202100039::0cfd562e14	2021	zh
event::Wen201800029::e96d71d33d	improve	event::Wzh202100039::0cfd562e14	2021	zh
event::Wzh201700011::f8fc9c13b4	cite_diffuse	event::Wzh202000021::02ced58b57	2020	zh
event::Wzh201700011::f8fc9c13b4	improve	event::Wzh202000021::02ced58b57	2020	zh
event::Wfr202200012::1ab06af5e0	cite_diffuse	event::Wfr202400037::f196b6c115	2024	fr
event::Wfr202200012::1ab06af5e0	improve	event::Wfr202400037::f196b6c115	2024	fr
event::Wzh202300031::1e51789938	cite_diffuse	event::Wfr202400037::f196b6c115	2024	fr
event::Wzh202300031::1e51789938	improve	event::Wfr202400037::f196b6c115	2024	fr
event::Wes201700026::f96c50b084	cite_diffuse	event::Wfr202500028::7d4b9f334d	2025	fr
event::Wes201700026::f96c50b084	improve	event::Wfr202500028::7d4b9f334d	2025	fr
event::Wzh202000037::83e442bdac	cite_diffuse	event::Wzh202200013::dc8e861e0c	2022	zh
event::Wzh202000037::83e442bdac	improve	event::Wzh202200013::dc8e861e0c	2022	zh
event::Wfr201900041::6169467a78	cite_diffuse	event::Wzh202200010::3423627911	2022	zh
event::Wfr201900041::6169467a78	improve	event::Wzh202200010::3423627911	2022	zh
event::Wzh201700007::6b3bf50fe4	cite_diffuse	event::Wzh202200034::9bff079029	2022	zh
event::Wzh201700007::6b3bf50fe4	improve	event::Wzh202200034::9bff079029	2022	zh
event::Wes201800003::2b4a49e52e	cite_diffuse	event::Wzh202500027::144b780cdf	2025	zh
event::Wes201800003::2b4a49e52e	improve	event::Wzh202500027::144b780cdf	2025	zh
event::Wfr202000040::a4453f0733	cite_diffuse	event::Wen202400027::5848fb9497	2024	en
event::Wfr202000040::a4453f0733	improve	event::Wen202400027::5848fb9497	2024	en
event::Wen202000023::e2d749c2d2	cite_diffuse	event::Wfr202200015::b58f98ddb2	2022	fr
event::Wen202000023::e2d749c2d2	improve	event::Wfr202200015::b58f98ddb2	2022	fr
event::Wzh201700011::f8fc9c13b4	cite_diffuse	event::Wes202000042::e2de25250b	2020	es
event::Wzh201700011::f8fc9c13b4	improve	event::Wes202000042::e2de25250b	2020	es
event::Wes201700008::7d3f2a145b	cite_diffuse	event::Wen201900028::3ad544e1a3	2019	en
event::Wes201700008::7d3f2a145b	improve	event::Wen201900028::3ad544e1a3	2019	en
event::Wen201700000::ab52377bf1	cite_diffuse	event::Wzh202200010::3423627911	2022	zh
event::Wen201700000::ab52377bf1	improve	event::Wzh202200010::3423627911	2022	zh
event::Wzh201800014::22bc7dfe18	cite_diffuse	event::Wes202300010::68d4195483	2023	es
event::Wzh201800014::22bc7dfe18	improve	event::Wes202300010::68d4195483	2023	es
event::Wfr201900041::6169467a78	cite_diffuse	event::Wen202200022::3f968c8a1f	2022	en
event::Wfr201900041::6169467a78	improve	event::Wen202200022::3f968c8a1f	2022	en
event::Wfr202000013::2869ae5ed1	cite_diffuse	event::Wfr202400037::f196b6c115	2024	fr
event::Wfr202000013::2869ae5ed1	improve	event::Wfr202400037::f196b6c115	2024	fr
event::Wen201600012::1d0c10863e	cite_diffuse	event::Wen202000020::4fe9a2a006	2020	en
event::Wen201600012::1d0c10863e	improve	event::Wen202000020::4fe9a2a006	2020	en
event::Wen201700000::ab52377bf1	cite_diffuse	event::Wfr202400011::afe872ab6d	2024	fr
event::Wen201700000::ab52377bf1	improve	event::Wfr202400011::afe872ab6d	2024	fr
event::Wzh201700020::62ec0719ba	cite_diffuse	event::Wen202200022::3f968c8a1f	2022	en
event::Wzh201700020::62ec0719ba	improve	event::Wen202200022::3f968c8a1f	2022	en
event::Wfr201600020::e57572a607	cite_diffuse	event::Wes202500048::43bcb4dad2	2025	es
event::Wfr201600020::e57572a607	improve	event::Wes202500048::43bcb4dad2	2025	es
event::Wzh201800012::78983a0927	cite_diffuse	event::Wfr202100022::1655f09cc6	2021	fr
event::Wzh201800012::78983a0927	improve	event::Wfr202100022::1655f09cc6	2021	fr
event::Wen201900028::3ad544e1a3	cite_diffuse	event::Wen202300037::22792b25c3	2023	en
event::Wen201900028::3ad544e1a3	improve	event::Wen202300037::22792b25c3	2023	en
event::Wen201900039::28614db481	cite_diffuse	event::Wzh202200048::c14ce33a51	2022	zh
event::Wen201900039::28614db481	improve	event::Wzh202200048::c14ce33a51	2022	zh
event::Wes201600012::50d7ba79ac	cite_diffuse	event::Wen201900004::68c75d3ccb	2019	en
event::Wes201600012::50d7ba79ac	improve	event::Wen201900004::68c75d3ccb	2019	en
event::Wfr202200005::4c5cef72d6	cite_diffuse	event::Wen202400046::88e0952d3e	2024	en
event::Wfr202200005::4c5cef72d6	improve	event::Wen202400046::88e0952d3e	2024	en
event::Wzh202200013::dc8e861e0c	cite_diffuse	event::Wen202500042::490a2db1bd	2025	en
event::Wzh202200013::dc8e861e0c	improve	event::Wen202500042::490a2db1bd	2025	en
event::Wen201900016::609dd07252	cite_diffuse	event::Wes202400039::e42c25f9c9	2024	es
event::Wen201900016::609dd07252	improve	event::Wes202400039::e42c25f9c9	2024	es
event::Wfr201600020::e57572a607	cite_diffuse	event::Wen202000023::e2d749c2d2	2020	en
event::Wfr201600020::e57572a607	improve	event::Wen202000023::e2d749c2d2	2020	en
event::Wes202200024::c3c25c46c4	cite_diffuse	event::Wzh202300028::299d59c67b	2023	zh
event::Wes202200024::c3c25c46c4	improve	event::Wzh202300028::299d59c67b	2023	zh
event::Wfr202100007::a32dcd1d0a	cite_diffuse	event::Wes202200024::c3c25c46c4	2022	es
event::Wfr202100007::a32dcd1d0a	improve	event::Wes202200024::c3c25c46c4	2022	es
event::Wen201900004::68c75d3ccb	cite_diffuse	event::Wzh202100041::94890f9cd6	2021	zh
event::Wen201900004::68c75d3ccb	improve	event::Wzh202100041::94890f9cd6	2021	zh
event::Wzh201900006::e90bf6032c	cite_diffuse	event::Wen202000034::355a0f00f0	2020	en
event::Wzh201900006::e90bf6032c	improve	event::Wen202000034::355a0f00f0	2020	en
event::Wfr201700033::e2f13d4839	cite_diffuse	event::Wzh202400036::c3f03fa8be	2024	zh
event::Wfr201700033::e2f13d4839	improve	event::Wzh202400036::c3f03fa8be	2024	zh
event::Wfr202100035::c5a68198d1	cite_diffuse	event::Wfr202200015::b58f98ddb2	2022	fr
event::Wfr202100035::c5a68198d1	improve	event::Wfr202200015::b58f98ddb2	2022	fr
event::Wen201800029::e96d71d33d	cite_diffuse	event::Wes202000045::e7b845bbee	2020	es
event::Wen201800029::e96d71d33d	improve	event::Wes202000045::e7b845bbee	2020	es
event::Wzh201700023::fa3a20704a	cite_diffuse	event::Wzh202400029::64849660c4	2024	zh
event::Wzh201700023::fa3a20704a	improve	event::Wzh202400029::64849660c4	2024	zh
event::Wen201900028::3ad544e1a3	cite_diffuse	event::Wzh202200010::3423627911	2022	zh
event::Wen201900028::3ad544e1a3	improve	event::Wzh202200010::3423627911	2022	zh
event::Wzh202000037::83e442bdac	cite_diffuse	event::Wen202200022::3f968c8a1f	2022	en
event::Wzh202000037::83e442bdac	improve	event::Wen202200022::3f968c8a1f	2022	en
event::Wzh202000037::83e442bdac	cite_diffuse	event::Wzh202500047::7177fb6e57	2025	zh
event::Wzh202000037::83e442bdac	improve	event::Wzh202500047::7177fb6e57	2025	zh
event::Wen202200033::86054e5b9b	cite_diffuse	event::Wes202400009::e7b36c1bb3	2024	es
event::Wen202200033::86054e5b9b	improve	event::Wes202400009::e7b36c1bb3	2024	es
event::Wen202200036::f7d1d1bb66	cite_diffuse	event::Wfr202400037::f196b6c115	2024	fr
event::Wen202200036::f7d1d1bb66	improve	event::Wfr202400037::f196b6c115	2024	fr
event::Wes201800002::08b861eb7c	cite_diffuse	event::Wes202000034::0f80da75e3	2020	es
event::Wes201800002::08b861eb7c	improve	event::Wes202000034::0f80da75e3	2020	es
event::Wes201700032::b3a10b457f	cite_diffuse	event::Wen202200014::384297eb81	2022	en
event::Wes201700032::b3a10b457f	improve	event::Wen202200014::384297eb81	2022	en
event::Wfr202100022::1655f09cc6	cite_diffuse	event::Wen202400007::29d980c842	2024	en
event::Wfr202100022::1655f09cc6	improve	event::Wen202400007::29d980c842	2024	en
event::Wes202100043::b9d54f5a6c	cite_diffuse	event::Wfr202400026::1d7a05a7d7	2024	fr
event::Wes202100043::b9d54f5a6c	improve	event::Wfr202400026::1d7a05a7d7	2024	fr
event::Wen201900004::68c75d3ccb	cite_diffuse	event::Wen202400007::29d980c842	2024	en
event::Wen201900004::68c75d3ccb	improve	event::Wen202400007::29d980c842	2024	en
event::Wfr202100034::7d2a5ed2d8	cite_diffuse	event::Wes202300004::40b866a780	2023	es
event::Wfr202100034::7d2a5ed2d8	improve	event::Wes202300004::40b866a780	2023	es
event::Wfr201600010::b3f42c6db2	cite_diffuse	event::Wzh202100039::0cfd562e14	2021	zh
event::Wfr201600010::b3f42c6db2	improve	event::Wzh202100039::0cfd562e14	2021	zh
event::Wfr201700008::1398c355f8	cite_diffuse	event::Wfr202000013::2869ae5ed1	2020	fr
event::Wfr201700008::1398c355f8	improve	event::Wfr202000013::2869ae5ed1	2020	fr
event::Wen202000031::c664f6bbbf	cite_diffuse	event::Wzh202300045::d4837794da	2023	zh
event::Wen202000031::c664f6bbbf	improve	event::Wzh202300045::d4837794da	2023	zh
event::Wen202000047::1035b20733	cite_diffuse	event::Wen202400043::ec8f8bec8a	2024	en
event::Wen202000047::1035b20733	improve	event::Wen202400043::ec8f8bec8a	2024	en
event::Wes202100049::01ae19414c	cite_diffuse	event::Wen202300037::22792b25c3	2023	en
event::Wes202100049::01ae19414c	improve	event::Wen202300037::22792b25c3	2023	en
event::Wen201700048::7eacd46210	cite_diffuse	event::Wen202200041::3c1e3d663c	2022	en
event::Wen201700048::7eacd46210	improve	event::Wen202200041::3c1e3d663c	2022	en
event::Wes202000018::22c90d3444	cite_diffuse	event::Wen202400027::5848fb9497	2024	en
event::Wes202000018::22c90d3444	improve	event::Wen202400027::5848fb9497	2024	en
event::Wfr201700033::e2f13d4839	cite_diffuse	event::Wen202400046::88e0952d3e	2024	en
event::Wfr201700033::e2f13d4839	improve	event::Wen202400046::88e0952d3e	2024	en
event::Wzh202200013::dc8e861e0c	cite_diffuse	event::Wfr202300001::88938c07fe	2023	fr
event::Wzh202200013::dc8e861e0c	improve	event::Wfr202300001::88938c07fe	2023	fr
event::Wen201700030::0dbd5e4bf4	cite_diffuse	event::Wfr202100042::742befcdd2	2021	fr
event::Wen201700030::0dbd5e4bf4	improve	event::Wfr202100042::742befcdd2	2021	fr
event::Wzh202200010::3423627911	cite_diffuse	event::Wzh202300025::3411f6f669	2023	zh
event::Wzh202200010::3423627911	improve	event::Wzh202300025::3411f6f669	2023	zh
event::Wzh202100039::0cfd562e14	cite_diffuse	event::Wzh202200013::dc8e861e0c	2022	zh
event::Wzh202100039::0cfd562e14	improve	event::Wzh202200013::dc8e861e0c	2022	zh
event::Wen202000034::355a0f00f0	cite_diffuse	event::Wes202100013::56bb20f286	2021	es
event::Wen202000034::355a0f00f0	improve	event::Wes202100013::56bb20f286	2021	es
event::Wfr201700049::6be551d081	cite_diffuse	event::Wen202400046::88e0952d3e	2024	en
event::Wfr201700049::6be551d081	improve	event::Wen202400046::88e0952d3e	2024	en
event::Wfr201600045::546b19f52c	cite_diffuse	event::Wzh202000040::4a6f60fda8	2020	zh
event::Wfr201600045::546b19f52c	improve	event::Wzh202000040::4a6f60fda8	2020	zh
event::Wzh201800012::78983a0927	cite_diffuse	event::Wzh201900005::dea7bb6955	2019	zh
event::Wzh201800012::78983a0927	improve	event::Wzh201900005::dea7bb6955	2019	zh
event::Wfr201700024::07e0b1d53f	cite_diffuse	event::Wzh202200010::3423627911	2022	zh
event::Wfr201700024::07e0b1d53f	improve	event::Wzh202200010::3423627911	2022	zh
event::Wes201700008::7d3f2a145b	cite_diffuse	event::Wen202300019::5bd71b7f99	2023	en
event::Wes201700008::7d3f2a145b	improve	event::Wen202300019::5bd71b7f99	2023	en
event::Wzh201900032::5adb53b514	cite_diffuse	event::Wzh202300049::39ec48540b	2023	zh
event::Wzh201900032::5adb53b514	improve	event::Wzh202300049::39ec48540b	2023	zh
event::Wfr201700024::07e0b1d53f	cite_diffuse	event::Wzh202000037::83e442bdac	2020	zh
event::Wfr201700024::07e0b1d53f	improve	event::Wzh202000037::83e442bdac	2020	zh
event::Wes202100047::50a4d91033	cite_diffuse	event::Wfr202200016::06404aec08	2022	fr
event::Wes202100047::50a4d91033	improve	event::Wfr202200016::06404aec08	2022	fr
event::Wes202000006::918a754ef1	cite_diffuse	event::Wzh202200010::3423627911	2022	zh
event::Wes202000006::918a754ef1	improve	event::Wzh202200010::3423627911	2022	zh
event::Wzh202400009::4995ab2eeb	cite_diffuse	event::Wzh202500027::144b780cdf	2025	zh
event::Wzh202400009::4995ab2eeb	improve	event::Wzh202500027::144b780cdf	2025	zh
event::Wes202100016::08d3d09fd0	cite_diffuse	event::Wes202400044::d0bd6e3d0b	2024	es
event::Wes202100016::08d3d09fd0	improve	event::Wes202400044::d0bd6e3d0b	2024	es
event::Wzh201800014::22bc7dfe18	cite_diffuse	event::Wen202100025::f60ba30e00	2021	en
event::Wzh201800014::22bc7dfe18	improve	event::Wen202100025::f60ba30e00	2021	en
event::Wes201600012::50d7ba79ac	cite_diffuse	event::Wes202300010::68d4195483	2023	es
event::Wes201600012::50d7ba79ac	improve	event::Wes202300010::68d4195483	2023	es
event::Wes201800015::d09992b715	cite_diffuse	event::Wzh202400033::6c6c0f8562	2024	zh
event::Wes201800015::d09992b715	improve	event::Wzh202400033::6c6c0f8562	2024	zh
event::Wfr201700031::82f345b812	cite_diffuse	event::Wfr202200015::b58f98ddb2	2022	fr
event::Wfr201700031::82f345b812	improve	event::Wfr202200015::b58f98ddb2	2022	fr
event::Wes202000006::918a754ef1	cite_diffuse	event::Wfr202300047::3db632c8e7	2023	fr
event::Wes202000006::918a754ef1	improve	event::Wfr202300047::3db632c8e7	2023	fr
event::Wzh201900032::5adb53b514	cite_diffuse	event::Wzh202400036::c3f03fa8be	2024	zh
event::Wzh201900032::5adb53b514	improve	event::Wzh202400036::c3f03fa8be	2024	zh
event::Wes202400044::d0bd6e3d0b	cite_diffuse	event::Wfr202500028::7d4b9f334d	2025	fr
event::Wes202400044::d0bd6e3d0b	improve	event::Wfr202500028::7d4b9f334d	2025	fr
event::Wfr201700024::07e0b1d53f	cite_diffuse	event::Wzh202300046::b4084aade4	2023	zh
event::Wfr201700024::07e0b1d53f	improve	event::Wzh202300046::b4084aade4	2023	zh
event::Wen202400001::cc648eced5	cite_diffuse	event::Wes202500037::757312ed26	2025	es
event::Wen202400001::cc648eced5	improve	event::Wes202500037::757312ed26	2025	es
event::Wen201700000::ab52377bf1	cite_diffuse	event::Wen202000002::7aa5fbe180	2020	en
event::Wen201700000::ab52377bf1	improve	event::Wen202000002::7aa5fbe180	2020	en
event::Wen202200024::1c47f50318	cite_diffuse	event::Wfr202400026::1d7a05a7d7	2024	fr
event::Wen202200024::1c47f50318	improve	event::Wfr202400026::1d7a05a7d7	2024	fr
event::Wen201700005::d1b15202b4	cite_diffuse	event::Wes202500037::757312ed26	2025	es
event::Wen201700005::d1b15202b4	improve	event::Wes202500037::757312ed26	2025	es
event::Wes202000014::83450f19aa	cite_diffuse	event::Wes202400009::e7b36c1bb3	2024	es
event::Wes202000014::83450f19aa	improve	event::Wes202400009::e7b36c1bb3	2024	es
event::Wfr201700008::1398c355f8	cite_diffuse	event::Wzh202500030::074f836f97	2025	zh
event::Wfr201700008::1398c355f8	improve	event::Wzh202500030::074f836f97	2025	zh
event::Wfr202100042::742befcdd2	cite_diffuse	event::Wzh202300028::299d59c67b	2023	zh
event::Wfr202100042::742befcdd2	improve	event::Wzh202300028::299d59c67b	2023	zh
event::Wes201800046::35ab25690a	cite_diffuse	event::Wen202100026::3e5dfee500	2021	en
event::Wes201800046::35ab25690a	improve	event::Wen202100026::3e5dfee500	2021	en
event::Wes202000021::3249433129	cite_diffuse	event::Wfr202500028::7d4b9f334d	2025	fr
event::Wes202000021::3249433129	improve	event::Wfr202500028::7d4b9f334d	2025	fr
event::Wfr202100022::1655f09cc6	cite_diffuse	event::Wzh202400029::64849660c4	2024	zh
event::Wfr202100022::1655f09cc6	improve	event::Wzh202400029::64849660c4	2024	zh
